"Table","Entity","Property","Column","Decorator","Type","Nullable","File"
"air_asset_drone_stock","AirAssetDroneStock","airAssetPositionId","air_asset_position_id","Column","uuid","","backend\src\drone-logistics\air-asset-drone-stock.entity.ts"
"air_asset_drone_stock","AirAssetDroneStock","createdAt","created_at","CreateDateColumn","","","backend\src\drone-logistics\air-asset-drone-stock.entity.ts"
"air_asset_drone_stock","AirAssetDroneStock","droneModelId","drone_model_id","Column","uuid","","backend\src\drone-logistics\air-asset-drone-stock.entity.ts"
"air_asset_drone_stock","AirAssetDroneStock","id","id","PrimaryGeneratedColumn","uuid","","backend\src\drone-logistics\air-asset-drone-stock.entity.ts"
"air_asset_drone_stock","AirAssetDroneStock","quantity","quantity","Column","int","","backend\src\drone-logistics\air-asset-drone-stock.entity.ts"
"air_asset_drone_stock","AirAssetDroneStock","updatedAt","updated_at","UpdateDateColumn","","","backend\src\drone-logistics\air-asset-drone-stock.entity.ts"
"air_asset_positions","AirAssetPosition","assetGroup","asset_group","Column","varchar","","backend\src\air-assets\air-asset-position.entity.ts"
"air_asset_positions","AirAssetPosition","assetName","asset_name","Column","varchar","true","backend\src\air-assets\air-asset-position.entity.ts"
"air_asset_positions","AirAssetPosition","assetQuantity","asset_quantity","Column","int","","backend\src\air-assets\air-asset-position.entity.ts"
"air_asset_positions","AirAssetPosition","callsign","callsign","Column","varchar","","backend\src\air-assets\air-asset-position.entity.ts"
"air_asset_positions","AirAssetPosition","combatType","combat_type","Column","varchar","true","backend\src\air-assets\air-asset-position.entity.ts"
"air_asset_positions","AirAssetPosition","createdAt","created_at","CreateDateColumn","","","backend\src\air-assets\air-asset-position.entity.ts"
"air_asset_positions","AirAssetPosition","droneModel","drone_model","Column","varchar","true","backend\src\air-assets\air-asset-position.entity.ts"
"air_asset_positions","AirAssetPosition","id","id","PrimaryGeneratedColumn","uuid","","backend\src\air-assets\air-asset-position.entity.ts"
"air_asset_positions","AirAssetPosition","lat","lat","Column","double precision","","backend\src\air-assets\air-asset-position.entity.ts"
"air_asset_positions","AirAssetPosition","lng","lng","Column","double precision","","backend\src\air-assets\air-asset-position.entity.ts"
"air_asset_positions","AirAssetPosition","mainDirectionDegrees","main_direction_degrees","Column","numeric","true","backend\src\air-assets\air-asset-position.entity.ts"
"air_asset_positions","AirAssetPosition","mainDirectionUnits","main_direction_units","Column","numeric","true","backend\src\air-assets\air-asset-position.entity.ts"
"air_asset_positions","AirAssetPosition","maxSectorDistanceM","max_sector_distance_m","Column","int","true","backend\src\air-assets\air-asset-position.entity.ts"
"air_asset_positions","AirAssetPosition","mgrs","mgrs","Column","varchar","true","backend\src\air-assets\air-asset-position.entity.ts"
"air_asset_positions","AirAssetPosition","name","name","Column","varchar","","backend\src\air-assets\air-asset-position.entity.ts"
"air_asset_positions","AirAssetPosition","notReadyReason","not_ready_reason","Column","text","true","backend\src\air-assets\air-asset-position.entity.ts"
"air_asset_positions","AirAssetPosition","note","note","Column","text","true","backend\src\air-assets\air-asset-position.entity.ts"
"air_asset_positions","AirAssetPosition","personnelRotationDate","personnel_rotation_date","Column","date","true","backend\src\air-assets\air-asset-position.entity.ts"
"air_asset_positions","AirAssetPosition","readinessStatus","readiness_status","Column","varchar","","backend\src\air-assets\air-asset-position.entity.ts"
"air_asset_positions","AirAssetPosition","reconType","recon_type","Column","varchar","true","backend\src\air-assets\air-asset-position.entity.ts"
"air_asset_positions","AirAssetPosition","sectorLeftDegrees","sector_left_degrees","Column","integer","true","backend\src\air-assets\air-asset-position.entity.ts"
"air_asset_positions","AirAssetPosition","sectorRightDegrees","sector_right_degrees","Column","integer","true","backend\src\air-assets\air-asset-position.entity.ts"
"air_asset_positions","AirAssetPosition","traverseLeftDegrees","traverse_left_degrees","Column","numeric","true","backend\src\air-assets\air-asset-position.entity.ts"
"air_asset_positions","AirAssetPosition","traverseLeftUnits","traverse_left_units","Column","numeric","true","backend\src\air-assets\air-asset-position.entity.ts"
"air_asset_positions","AirAssetPosition","traverseRightDegrees","traverse_right_degrees","Column","numeric","true","backend\src\air-assets\air-asset-position.entity.ts"
"air_asset_positions","AirAssetPosition","traverseRightUnits","traverse_right_units","Column","numeric","true","backend\src\air-assets\air-asset-position.entity.ts"
"air_asset_positions","AirAssetPosition","unitId","unit_id","Column","uuid","","backend\src\air-assets\air-asset-position.entity.ts"
"air_asset_positions","AirAssetPosition","updatedAt","updated_at","UpdateDateColumn","","","backend\src\air-assets\air-asset-position.entity.ts"
"air_asset_task_points","AirAssetTaskPoint","id","id","PrimaryGeneratedColumn","uuid","","backend\src\air-assets\air-asset-task-point.entity.ts"
"air_asset_task_points","AirAssetTaskPoint","lat","lat","Column","double precision","","backend\src\air-assets\air-asset-task-point.entity.ts"
"air_asset_task_points","AirAssetTaskPoint","lng","lng","Column","double precision","","backend\src\air-assets\air-asset-task-point.entity.ts"
"air_asset_task_points","AirAssetTaskPoint","pointOrder","point_order","Column","int","","backend\src\air-assets\air-asset-task-point.entity.ts"
"air_asset_task_points","AirAssetTaskPoint","taskId","task_id","Column","uuid","","backend\src\air-assets\air-asset-task-point.entity.ts"
"air_asset_tasks","AirAssetTask","airAssetPositionId","air_asset_position_id","Column","uuid","","backend\src\air-assets\air-asset-task.entity.ts"
"air_asset_tasks","AirAssetTask","areaName","area_name","Column","varchar","","backend\src\air-assets\air-asset-task.entity.ts"
"air_asset_tasks","AirAssetTask","createdAt","created_at","CreateDateColumn","","","backend\src\air-assets\air-asset-task.entity.ts"
"air_asset_tasks","AirAssetTask","droneModelId","drone_model_id","Column","uuid","true","backend\src\air-assets\air-asset-task.entity.ts"
"air_asset_tasks","AirAssetTask","id","id","PrimaryGeneratedColumn","uuid","","backend\src\air-assets\air-asset-task.entity.ts"
"air_asset_tasks","AirAssetTask","name","name","Column","varchar","","backend\src\air-assets\air-asset-task.entity.ts"
"air_asset_tasks","AirAssetTask","note","note","Column","text","true","backend\src\air-assets\air-asset-task.entity.ts"
"air_asset_tasks","AirAssetTask","plannedEndAt","planned_end_at","Column","timestamp","true","backend\src\air-assets\air-asset-task.entity.ts"
"air_asset_tasks","AirAssetTask","plannedStartAt","planned_start_at","Column","timestamp","true","backend\src\air-assets\air-asset-task.entity.ts"
"air_asset_tasks","AirAssetTask","status","status","Column","varchar","","backend\src\air-assets\air-asset-task.entity.ts"
"air_asset_tasks","AirAssetTask","taskType","task_type","Column","varchar","","backend\src\air-assets\air-asset-task.entity.ts"
"air_asset_tasks","AirAssetTask","unitId","unit_id","Column","uuid","","backend\src\air-assets\air-asset-task.entity.ts"
"air_asset_tasks","AirAssetTask","updatedAt","updated_at","UpdateDateColumn","","","backend\src\air-assets\air-asset-task.entity.ts"
"air_asset_tasks","AirAssetTask","warheadTypeId","warhead_type_id","Column","uuid","true","backend\src\air-assets\air-asset-task.entity.ts"
"air_asset_warhead_stock","AirAssetWarheadStock","airAssetPositionId","air_asset_position_id","Column","uuid","","backend\src\drone-logistics\air-asset-warhead-stock.entity.ts"
"air_asset_warhead_stock","AirAssetWarheadStock","createdAt","created_at","CreateDateColumn","","","backend\src\drone-logistics\air-asset-warhead-stock.entity.ts"
"air_asset_warhead_stock","AirAssetWarheadStock","id","id","PrimaryGeneratedColumn","uuid","","backend\src\drone-logistics\air-asset-warhead-stock.entity.ts"
"air_asset_warhead_stock","AirAssetWarheadStock","quantity","quantity","Column","numeric","","backend\src\drone-logistics\air-asset-warhead-stock.entity.ts"
"air_asset_warhead_stock","AirAssetWarheadStock","updatedAt","updated_at","UpdateDateColumn","","","backend\src\drone-logistics\air-asset-warhead-stock.entity.ts"
"air_asset_warhead_stock","AirAssetWarheadStock","warheadTypeId","warhead_type_id","Column","uuid","","backend\src\drone-logistics\air-asset-warhead-stock.entity.ts"
"air_recon_area_points","AirReconAreaPoint","areaId","area_id","Column","uuid","","backend\src\air-assets\air-recon-area-point.entity.ts"
"air_recon_area_points","AirReconAreaPoint","createdAt","created_at","CreateDateColumn","","","backend\src\air-assets\air-recon-area-point.entity.ts"
"air_recon_area_points","AirReconAreaPoint","id","id","PrimaryGeneratedColumn","uuid","","backend\src\air-assets\air-recon-area-point.entity.ts"
"air_recon_area_points","AirReconAreaPoint","lat","lat","Column","double precision","","backend\src\air-assets\air-recon-area-point.entity.ts"
"air_recon_area_points","AirReconAreaPoint","lng","lng","Column","double precision","","backend\src\air-assets\air-recon-area-point.entity.ts"
"air_recon_area_points","AirReconAreaPoint","pointOrder","point_order","Column","int","","backend\src\air-assets\air-recon-area-point.entity.ts"
"air_recon_areas","AirReconArea","activeDate","active_date","Column","date","","backend\src\air-assets\air-recon-area.entity.ts"
"air_recon_areas","AirReconArea","airAssetPositionId","air_asset_position_id","Column","uuid","","backend\src\air-assets\air-recon-area.entity.ts"
"air_recon_areas","AirReconArea","createdAt","created_at","CreateDateColumn","","","backend\src\air-assets\air-recon-area.entity.ts"
"air_recon_areas","AirReconArea","id","id","PrimaryGeneratedColumn","uuid","","backend\src\air-assets\air-recon-area.entity.ts"
"air_recon_areas","AirReconArea","name","name","Column","varchar","true","backend\src\air-assets\air-recon-area.entity.ts"
"air_recon_areas","AirReconArea","note","note","Column","text","true","backend\src\air-assets\air-recon-area.entity.ts"
"air_recon_areas","AirReconArea","plannedEndAt","planned_end_at","Column","timestamp","true","backend\src\air-assets\air-recon-area.entity.ts"
"air_recon_areas","AirReconArea","plannedStartAt","planned_start_at","Column","timestamp","true","backend\src\air-assets\air-recon-area.entity.ts"
"air_recon_areas","AirReconArea","status","status","Column","varchar","","backend\src\air-assets\air-recon-area.entity.ts"
"air_recon_areas","AirReconArea","updatedAt","updated_at","UpdateDateColumn","","","backend\src\air-assets\air-recon-area.entity.ts"
"air_threats","AirThreat","createdAt","created_at","CreateDateColumn","","","backend\src\air-threats\air-threat.entity.ts"
"air_threats","AirThreat","id","id","PrimaryGeneratedColumn","uuid","","backend\src\air-threats\air-threat.entity.ts"
"air_threats","AirThreat","isActive","is_active","Column","boolean","","backend\src\air-threats\air-threat.entity.ts"
"air_threats","AirThreat","lat","lat","Column","double precision","","backend\src\air-threats\air-threat.entity.ts"
"air_threats","AirThreat","lng","lng","Column","double precision","","backend\src\air-threats\air-threat.entity.ts"
"air_threats","AirThreat","removedAt","removed_at","Column","timestamp","true","backend\src\air-threats\air-threat.entity.ts"
"air_threats","AirThreat","threatType","threat_type","Column","varchar","","backend\src\air-threats\air-threat.entity.ts"
"app_settings","AppSetting","updatedAt","updated_at","UpdateDateColumn","","","backend\src\settings\app-setting.entity.ts"
"app_settings","AppSetting","value","value","Column","text","","backend\src\settings\app-setting.entity.ts"
"charges","Charge","chargeKind","charge_kind","Column","varchar","","backend\src\charges\charge.entity.ts"
"charges","Charge","createdAt","created_at","CreateDateColumn","","","backend\src\charges\charge.entity.ts"
"charges","Charge","id","id","PrimaryGeneratedColumn","uuid","","backend\src\charges\charge.entity.ts"
"charges","Charge","marking","marking","Column","","","backend\src\charges\charge.entity.ts"
"charges","Charge","maxUsableModules","max_usable_modules","Column","int","true","backend\src\charges\charge.entity.ts"
"charges","Charge","measurementUnit","measurement_unit","Column","","","backend\src\charges\charge.entity.ts"
"charges","Charge","moduleNote","module_note","Column","text","true","backend\src\charges\charge.entity.ts"
"charges","Charge","modulesPerCharge","modules_per_charge","Column","int","true","backend\src\charges\charge.entity.ts"
"charges","Charge","packagingType","packaging_type","Column","","","backend\src\charges\charge.entity.ts"
"charges","Charge","updatedAt","updated_at","UpdateDateColumn","","","backend\src\charges\charge.entity.ts"
"depot_charge_stock","DepotChargeStock","chargeId","charge_id","Column","uuid","","backend\src\depot-charge-stock\depot-charge-stock.entity.ts"
"depot_charge_stock","DepotChargeStock","depotId","depot_id","Column","uuid","","backend\src\depot-charge-stock\depot-charge-stock.entity.ts"
"depot_charge_stock","DepotChargeStock","id","id","PrimaryGeneratedColumn","uuid","","backend\src\depot-charge-stock\depot-charge-stock.entity.ts"
"depot_charge_stock","DepotChargeStock","quantity","quantity","Column","numeric","","backend\src\depot-charge-stock\depot-charge-stock.entity.ts"
"depot_drone_stock","DepotDroneStock","createdAt","created_at","CreateDateColumn","","","backend\src\drone-logistics\depot-drone-stock.entity.ts"
"depot_drone_stock","DepotDroneStock","depotId","depot_id","Column","uuid","","backend\src\drone-logistics\depot-drone-stock.entity.ts"
"depot_drone_stock","DepotDroneStock","droneModelId","drone_model_id","Column","uuid","","backend\src\drone-logistics\depot-drone-stock.entity.ts"
"depot_drone_stock","DepotDroneStock","id","id","PrimaryGeneratedColumn","uuid","","backend\src\drone-logistics\depot-drone-stock.entity.ts"
"depot_drone_stock","DepotDroneStock","quantity","quantity","Column","int","","backend\src\drone-logistics\depot-drone-stock.entity.ts"
"depot_drone_stock","DepotDroneStock","updatedAt","updated_at","UpdateDateColumn","","","backend\src\drone-logistics\depot-drone-stock.entity.ts"
"depot_drone_warhead_stock","DepotDroneWarheadStock","createdAt","created_at","CreateDateColumn","","","backend\src\drone-logistics\depot-drone-warhead-stock.entity.ts"
"depot_drone_warhead_stock","DepotDroneWarheadStock","depotId","depot_id","Column","uuid","","backend\src\drone-logistics\depot-drone-warhead-stock.entity.ts"
"depot_drone_warhead_stock","DepotDroneWarheadStock","id","id","PrimaryGeneratedColumn","uuid","","backend\src\drone-logistics\depot-drone-warhead-stock.entity.ts"
"depot_drone_warhead_stock","DepotDroneWarheadStock","quantity","quantity","Column","numeric","","backend\src\drone-logistics\depot-drone-warhead-stock.entity.ts"
"depot_drone_warhead_stock","DepotDroneWarheadStock","updatedAt","updated_at","UpdateDateColumn","","","backend\src\drone-logistics\depot-drone-warhead-stock.entity.ts"
"depot_drone_warhead_stock","DepotDroneWarheadStock","warheadTypeId","warhead_type_id","Column","uuid","","backend\src\drone-logistics\depot-drone-warhead-stock.entity.ts"
"depot_fuze_stock","DepotFuzeStock","depotId","depot_id","Column","uuid","","backend\src\depot-fuze-stock\depot-fuze-stock.entity.ts"
"depot_fuze_stock","DepotFuzeStock","fuzeId","fuze_id","Column","uuid","","backend\src\depot-fuze-stock\depot-fuze-stock.entity.ts"
"depot_fuze_stock","DepotFuzeStock","id","id","PrimaryGeneratedColumn","uuid","","backend\src\depot-fuze-stock\depot-fuze-stock.entity.ts"
"depot_fuze_stock","DepotFuzeStock","quantity","quantity","Column","int","","backend\src\depot-fuze-stock\depot-fuze-stock.entity.ts"
"depot_primer_stock","DepotPrimerStock","depotId","depot_id","Column","uuid","","backend\src\depot-primer-stock\depot-primer-stock.entity.ts"
"depot_primer_stock","DepotPrimerStock","id","id","PrimaryGeneratedColumn","uuid","","backend\src\depot-primer-stock\depot-primer-stock.entity.ts"
"depot_primer_stock","DepotPrimerStock","primerId","primer_id","Column","uuid","","backend\src\depot-primer-stock\depot-primer-stock.entity.ts"
"depot_primer_stock","DepotPrimerStock","quantity","quantity","Column","int","","backend\src\depot-primer-stock\depot-primer-stock.entity.ts"
"depot_shell_stock","DepotShellStock","depotId","depot_id","Column","uuid","","backend\src\depot-shell-stock\depot-shell-stock.entity.ts"
"depot_shell_stock","DepotShellStock","id","id","PrimaryGeneratedColumn","uuid","","backend\src\depot-shell-stock\depot-shell-stock.entity.ts"
"depot_shell_stock","DepotShellStock","quantity","quantity","Column","int","","backend\src\depot-shell-stock\depot-shell-stock.entity.ts"
"depot_shell_stock","DepotShellStock","shellId","shell_id","Column","uuid","","backend\src\depot-shell-stock\depot-shell-stock.entity.ts"
"depots","Depot","createdAt","created_at","CreateDateColumn","","","backend\src\depots\depot.entity.ts"
"depots","Depot","depotType","depot_type","Column","varchar","","backend\src\depots\depot.entity.ts"
"depots","Depot","id","id","PrimaryGeneratedColumn","uuid","","backend\src\depots\depot.entity.ts"
"depots","Depot","isArchived","is_archived","Column","boolean","","backend\src\depots\depot.entity.ts"
"depots","Depot","lat","lat","Column","double precision","true","backend\src\depots\depot.entity.ts"
"depots","Depot","lng","lng","Column","double precision","true","backend\src\depots\depot.entity.ts"
"depots","Depot","mgrs","mgrs","Column","varchar","true","backend\src\depots\depot.entity.ts"
"depots","Depot","name","name","Column","varchar","","backend\src\depots\depot.entity.ts"
"depots","Depot","parentId","parent_id","Column","uuid","true","backend\src\depots\depot.entity.ts"
"depots","Depot","unitId","unit_id","Column","uuid","true","backend\src\depots\depot.entity.ts"
"depots","Depot","updatedAt","updated_at","UpdateDateColumn","","","backend\src\depots\depot.entity.ts"
"drone_models","DroneModel","cameraType","camera_type","Column","","","backend\src\drone-logistics\drone-model.entity.ts"
"drone_models","DroneModel","createdAt","created_at","CreateDateColumn","","","backend\src\drone-logistics\drone-model.entity.ts"
"drone_models","DroneModel","cruiseSpeedKmh","cruise_speed_kmh","Column","integer","true","backend\src\drone-logistics\drone-model.entity.ts"
"drone_models","DroneModel","droneGroup","drone_group","Column","","","backend\src\drone-logistics\drone-model.entity.ts"
"drone_models","DroneModel","droneType","drone_type","Column","","","backend\src\drone-logistics\drone-model.entity.ts"
"drone_models","DroneModel","enduranceMinutes","endurance_minutes","Column","integer","true","backend\src\drone-logistics\drone-model.entity.ts"
"drone_models","DroneModel","id","id","PrimaryGeneratedColumn","uuid","","backend\src\drone-logistics\drone-model.entity.ts"
"drone_models","DroneModel","maxAltitudeM","max_altitude_m","Column","integer","true","backend\src\drone-logistics\drone-model.entity.ts"
"drone_models","DroneModel","maxRangeM","max_range_m","Column","integer","true","backend\src\drone-logistics\drone-model.entity.ts"
"drone_models","DroneModel","maxWindMs","max_wind_ms","Column","numeric","true","backend\src\drone-logistics\drone-model.entity.ts"
"drone_models","DroneModel","name","name","Column","","","backend\src\drone-logistics\drone-model.entity.ts"
"drone_models","DroneModel","note","note","Column","text","true","backend\src\drone-logistics\drone-model.entity.ts"
"drone_models","DroneModel","payloadCapacityKg","payload_capacity_kg","Column","numeric","true","backend\src\drone-logistics\drone-model.entity.ts"
"drone_models","DroneModel","updatedAt","updated_at","UpdateDateColumn","","","backend\src\drone-logistics\drone-model.entity.ts"
"drone_stock_movements","DroneStockMovement","airAssetFromId","air_asset_from_id","Column","uuid","true","backend\src\drone-logistics\drone-stock-movement.entity.ts"
"drone_stock_movements","DroneStockMovement","airAssetToId","air_asset_to_id","Column","uuid","true","backend\src\drone-logistics\drone-stock-movement.entity.ts"
"drone_stock_movements","DroneStockMovement","comment","comment","Column","text","true","backend\src\drone-logistics\drone-stock-movement.entity.ts"
"drone_stock_movements","DroneStockMovement","createdAt","created_at","CreateDateColumn","","","backend\src\drone-logistics\drone-stock-movement.entity.ts"
"drone_stock_movements","DroneStockMovement","createdById","created_by_id","Column","uuid","true","backend\src\drone-logistics\drone-stock-movement.entity.ts"
"drone_stock_movements","DroneStockMovement","depotFromId","depot_from_id","Column","uuid","true","backend\src\drone-logistics\drone-stock-movement.entity.ts"
"drone_stock_movements","DroneStockMovement","depotToId","depot_to_id","Column","uuid","true","backend\src\drone-logistics\drone-stock-movement.entity.ts"
"drone_stock_movements","DroneStockMovement","droneModelId","drone_model_id","Column","uuid","true","backend\src\drone-logistics\drone-stock-movement.entity.ts"
"drone_stock_movements","DroneStockMovement","id","id","PrimaryGeneratedColumn","uuid","","backend\src\drone-logistics\drone-stock-movement.entity.ts"
"drone_stock_movements","DroneStockMovement","itemType","item_type","Column","","","backend\src\drone-logistics\drone-stock-movement.entity.ts"
"drone_stock_movements","DroneStockMovement","movementType","movement_type","Column","","","backend\src\drone-logistics\drone-stock-movement.entity.ts"
"drone_stock_movements","DroneStockMovement","quantity","quantity","Column","numeric","","backend\src\drone-logistics\drone-stock-movement.entity.ts"
"drone_stock_movements","DroneStockMovement","warheadTypeId","warhead_type_id","Column","uuid","true","backend\src\drone-logistics\drone-stock-movement.entity.ts"
"drone_warhead_types","DroneWarheadType","createdAt","created_at","CreateDateColumn","","","backend\src\drone-logistics\drone-warhead-type.entity.ts"
"drone_warhead_types","DroneWarheadType","id","id","PrimaryGeneratedColumn","uuid","","backend\src\drone-logistics\drone-warhead-type.entity.ts"
"drone_warhead_types","DroneWarheadType","measureUnit","measure_unit","Column","","","backend\src\drone-logistics\drone-warhead-type.entity.ts"
"drone_warhead_types","DroneWarheadType","name","name","Column","","","backend\src\drone-logistics\drone-warhead-type.entity.ts"
"drone_warhead_types","DroneWarheadType","note","note","Column","text","true","backend\src\drone-logistics\drone-warhead-type.entity.ts"
"drone_warhead_types","DroneWarheadType","updatedAt","updated_at","UpdateDateColumn","","","backend\src\drone-logistics\drone-warhead-type.entity.ts"
"drone_warhead_types","DroneWarheadType","weightKg","weight_kg","Column","numeric","true","backend\src\drone-logistics\drone-warhead-type.entity.ts"
"event_logs","EventLog","action","action","Column","varchar","","backend\src\event-logs\event-log.entity.ts"
"event_logs","EventLog","actorLogin","actor_login","Column","varchar","true","backend\src\event-logs\event-log.entity.ts"
"event_logs","EventLog","actorName","actor_name","Column","varchar","true","backend\src\event-logs\event-log.entity.ts"
"event_logs","EventLog","actorRole","actor_role","Column","varchar","true","backend\src\event-logs\event-log.entity.ts"
"event_logs","EventLog","actorScope","actor_scope","Column","varchar","true","backend\src\event-logs\event-log.entity.ts"
"event_logs","EventLog","actorUserId","actor_user_id","Column","uuid","true","backend\src\event-logs\event-log.entity.ts"
"event_logs","EventLog","createdAt","created_at","CreateDateColumn","","","backend\src\event-logs\event-log.entity.ts"
"event_logs","EventLog","details","details","Column","text","true","backend\src\event-logs\event-log.entity.ts"
"event_logs","EventLog","entityId","entity_id","Column","uuid","true","backend\src\event-logs\event-log.entity.ts"
"event_logs","EventLog","entityName","entity_name","Column","varchar","true","backend\src\event-logs\event-log.entity.ts"
"event_logs","EventLog","entityType","entity_type","Column","varchar","true","backend\src\event-logs\event-log.entity.ts"
"event_logs","EventLog","eventType","event_type","Column","varchar","","backend\src\event-logs\event-log.entity.ts"
"event_logs","EventLog","id","id","PrimaryGeneratedColumn","uuid","","backend\src\event-logs\event-log.entity.ts"
"event_logs","EventLog","metadata","metadata","Column","jsonb","true","backend\src\event-logs\event-log.entity.ts"
"event_logs","EventLog","readAt","read_at","Column","timestamptz","true","backend\src\event-logs\event-log.entity.ts"
"event_logs","EventLog","title","title","Column","varchar","","backend\src\event-logs\event-log.entity.ts"
"event_logs","EventLog","unitId","unit_id","Column","uuid","true","backend\src\event-logs\event-log.entity.ts"
"event_logs","EventLog","unitName","unit_name","Column","varchar","true","backend\src\event-logs\event-log.entity.ts"
"ew_frequency_ranges","EwFrequencyRange","createdAt","created_at","CreateDateColumn","","","backend\src\ew\ew-frequency-range.entity.ts"
"ew_frequency_ranges","EwFrequencyRange","ewPositionId","ew_position_id","Column","uuid","","backend\src\ew\ew-frequency-range.entity.ts"
"ew_frequency_ranges","EwFrequencyRange","frequencyFromMhz","frequency_from_mhz","Column","numeric","","backend\src\ew\ew-frequency-range.entity.ts"
"ew_frequency_ranges","EwFrequencyRange","frequencyToMhz","frequency_to_mhz","Column","numeric","","backend\src\ew\ew-frequency-range.entity.ts"
"ew_frequency_ranges","EwFrequencyRange","id","id","PrimaryGeneratedColumn","uuid","","backend\src\ew\ew-frequency-range.entity.ts"
"ew_frequency_ranges","EwFrequencyRange","label","label","Column","varchar","true","backend\src\ew\ew-frequency-range.entity.ts"
"ew_positions","EwPosition","callsign","callsign","Column","varchar","","backend\src\ew\ew-position.entity.ts"
"ew_positions","EwPosition","createdAt","created_at","CreateDateColumn","","","backend\src\ew\ew-position.entity.ts"
"ew_positions","EwPosition","effectMode","effect_mode","Column","varchar","","backend\src\ew\ew-position.entity.ts"
"ew_positions","EwPosition","id","id","PrimaryGeneratedColumn","uuid","","backend\src\ew\ew-position.entity.ts"
"ew_positions","EwPosition","lat","lat","Column","double precision","","backend\src\ew\ew-position.entity.ts"
"ew_positions","EwPosition","lng","lng","Column","double precision","","backend\src\ew\ew-position.entity.ts"
"ew_positions","EwPosition","mainDirectionDegrees","main_direction_degrees","Column","numeric","true","backend\src\ew\ew-position.entity.ts"
"ew_positions","EwPosition","mainDirectionUnits","main_direction_units","Column","numeric","true","backend\src\ew\ew-position.entity.ts"
"ew_positions","EwPosition","mgrs","mgrs","Column","varchar","true","backend\src\ew\ew-position.entity.ts"
"ew_positions","EwPosition","name","name","Column","varchar","","backend\src\ew\ew-position.entity.ts"
"ew_positions","EwPosition","notReadyReason","not_ready_reason","Column","text","true","backend\src\ew\ew-position.entity.ts"
"ew_positions","EwPosition","note","note","Column","text","true","backend\src\ew\ew-position.entity.ts"
"ew_positions","EwPosition","personnelRotationDate","personnel_rotation_date","Column","date","true","backend\src\ew\ew-position.entity.ts"
"ew_positions","EwPosition","radiusM","radius_m","Column","int","true","backend\src\ew\ew-position.entity.ts"
"ew_positions","EwPosition","readinessStatus","readiness_status","Column","varchar","","backend\src\ew\ew-position.entity.ts"
"ew_positions","EwPosition","sectorLeftDegrees","sector_left_degrees","Column","integer","true","backend\src\ew\ew-position.entity.ts"
"ew_positions","EwPosition","sectorRightDegrees","sector_right_degrees","Column","integer","true","backend\src\ew\ew-position.entity.ts"
"ew_positions","EwPosition","stationName","station_name","Column","varchar","","backend\src\ew\ew-position.entity.ts"
"ew_positions","EwPosition","traverseLeftDegrees","traverse_left_degrees","Column","numeric","true","backend\src\ew\ew-position.entity.ts"
"ew_positions","EwPosition","traverseLeftUnits","traverse_left_units","Column","numeric","true","backend\src\ew\ew-position.entity.ts"
"ew_positions","EwPosition","traverseRightDegrees","traverse_right_degrees","Column","numeric","true","backend\src\ew\ew-position.entity.ts"
"ew_positions","EwPosition","traverseRightUnits","traverse_right_units","Column","numeric","true","backend\src\ew\ew-position.entity.ts"
"ew_positions","EwPosition","unitId","unit_id","Column","uuid","","backend\src\ew\ew-position.entity.ts"
"ew_positions","EwPosition","updatedAt","updated_at","UpdateDateColumn","","","backend\src\ew\ew-position.entity.ts"
"fire_missions","FireMission","acceptedAt","accepted_at","Column","timestamp","true","backend\src\fire-missions\fire-mission.entity.ts"
"fire_missions","FireMission","actualChargeQuantity","actual_charge_quantity","Column","numeric","true","backend\src\fire-missions\fire-mission.entity.ts"
"fire_missions","FireMission","actualFuzeQuantity","actual_fuze_quantity","Column","int","true","backend\src\fire-missions\fire-mission.entity.ts"
"fire_missions","FireMission","actualPrimerQuantity","actual_primer_quantity","Column","int","true","backend\src\fire-missions\fire-mission.entity.ts"
"fire_missions","FireMission","actualShellQuantity","actual_shell_quantity","Column","int","true","backend\src\fire-missions\fire-mission.entity.ts"
"fire_missions","FireMission","authorUnitId","author_unit_id","Column","uuid","true","backend\src\fire-missions\fire-mission.entity.ts"
"fire_missions","FireMission","authorUserId","author_user_id","Column","uuid","true","backend\src\fire-missions\fire-mission.entity.ts"
"fire_missions","FireMission","chargeId","charge_id","Column","uuid","true","backend\src\fire-missions\fire-mission.entity.ts"
"fire_missions","FireMission","chargeQuantity","charge_quantity","Column","numeric","true","backend\src\fire-missions\fire-mission.entity.ts"
"fire_missions","FireMission","closedAt","closed_at","Column","timestamp","true","backend\src\fire-missions\fire-mission.entity.ts"
"fire_missions","FireMission","completedAt","completed_at","Column","timestamp","true","backend\src\fire-missions\fire-mission.entity.ts"
"fire_missions","FireMission","completionComment","completion_comment","Column","text","true","backend\src\fire-missions\fire-mission.entity.ts"
"fire_missions","FireMission","createdAt","created_at","CreateDateColumn","","","backend\src\fire-missions\fire-mission.entity.ts"
"fire_missions","FireMission","executingUnitId","executing_unit_id","Column","uuid","true","backend\src\fire-missions\fire-mission.entity.ts"
"fire_missions","FireMission","finalEditUntil","final_edit_until","Column","timestamp","true","backend\src\fire-missions\fire-mission.entity.ts"
"fire_missions","FireMission","firePositionId","fire_position_id","Column","uuid","true","backend\src\fire-missions\fire-mission.entity.ts"
"fire_missions","FireMission","fuzeId","fuze_id","Column","uuid","true","backend\src\fire-missions\fire-mission.entity.ts"
"fire_missions","FireMission","fuzeQuantity","fuze_quantity","Column","int","true","backend\src\fire-missions\fire-mission.entity.ts"
"fire_missions","FireMission","id","id","PrimaryGeneratedColumn","uuid","","backend\src\fire-missions\fire-mission.entity.ts"
"fire_missions","FireMission","missionDatetime","mission_datetime","Column","timestamp","","backend\src\fire-missions\fire-mission.entity.ts"
"fire_missions","FireMission","primerId","primer_id","Column","uuid","true","backend\src\fire-missions\fire-mission.entity.ts"
"fire_missions","FireMission","primerQuantity","primer_quantity","Column","int","true","backend\src\fire-missions\fire-mission.entity.ts"
"fire_missions","FireMission","sentAt","sent_at","Column","timestamp","true","backend\src\fire-missions\fire-mission.entity.ts"
"fire_missions","FireMission","shellId","shell_id","Column","uuid","true","backend\src\fire-missions\fire-mission.entity.ts"
"fire_missions","FireMission","shellQuantity","shell_quantity","Column","int","true","backend\src\fire-missions\fire-mission.entity.ts"
"fire_missions","FireMission","startedAt","started_at","Column","timestamp","true","backend\src\fire-missions\fire-mission.entity.ts"
"fire_missions","FireMission","status","status","Column","varchar","","backend\src\fire-missions\fire-mission.entity.ts"
"fire_missions","FireMission","targetLat","target_lat","Column","double precision","true","backend\src\fire-missions\fire-mission.entity.ts"
"fire_missions","FireMission","targetLng","target_lng","Column","double precision","true","backend\src\fire-missions\fire-mission.entity.ts"
"fire_missions","FireMission","targetMgrs","target_mgrs","Column","varchar","true","backend\src\fire-missions\fire-mission.entity.ts"
"fire_missions","FireMission","targetNumber","target_number","Column","varchar","true","backend\src\fire-missions\fire-mission.entity.ts"
"fire_missions","FireMission","targetSettlement","target_settlement","Column","varchar","true","backend\src\fire-missions\fire-mission.entity.ts"
"fire_missions","FireMission","targetType","target_type","Column","varchar","true","backend\src\fire-missions\fire-mission.entity.ts"
"fire_missions","FireMission","weaponSystemId","weapon_system_id","Column","uuid","true","backend\src\fire-missions\fire-mission.entity.ts"
"fire_position_weapons","FirePositionWeapon","assignedAt","assigned_at","CreateDateColumn","","","backend\src\fire-position-weapons\fire-position-weapon.entity.ts"
"fire_position_weapons","FirePositionWeapon","firePositionId","fire_position_id","Column","uuid","","backend\src\fire-position-weapons\fire-position-weapon.entity.ts"
"fire_position_weapons","FirePositionWeapon","id","id","PrimaryGeneratedColumn","uuid","","backend\src\fire-position-weapons\fire-position-weapon.entity.ts"
"fire_position_weapons","FirePositionWeapon","removedAt","removed_at","Column","timestamp","true","backend\src\fire-position-weapons\fire-position-weapon.entity.ts"
"fire_position_weapons","FirePositionWeapon","weaponSystemId","weapon_system_id","Column","uuid","","backend\src\fire-position-weapons\fire-position-weapon.entity.ts"
"fire_positions","FirePosition","airSituationStatus","air_situation_status","Column","varchar","true","backend\src\fire-positions\fire-position.entity.ts"
"fire_positions","FirePosition","ammoDepotId","ammo_depot_id","Column","uuid","true","backend\src\fire-positions\fire-position.entity.ts"
"fire_positions","FirePosition","completedVgzCount","completed_vgz_count","Column","int","","backend\src\fire-positions\fire-position.entity.ts"
"fire_positions","FirePosition","createdAt","created_at","CreateDateColumn","","","backend\src\fire-positions\fire-position.entity.ts"
"fire_positions","FirePosition","hasSg","has_sg","Column","boolean","","backend\src\fire-positions\fire-position.entity.ts"
"fire_positions","FirePosition","id","id","PrimaryGeneratedColumn","uuid","","backend\src\fire-positions\fire-position.entity.ts"
"fire_positions","FirePosition","lat","lat","Column","double precision","","backend\src\fire-positions\fire-position.entity.ts"
"fire_positions","FirePosition","lng","lng","Column","double precision","","backend\src\fire-positions\fire-position.entity.ts"
"fire_positions","FirePosition","mainDirection","main_direction","Column","varchar","true","backend\src\fire-positions\fire-position.entity.ts"
"fire_positions","FirePosition","mainDirectionDegrees","main_direction_degrees","Column","numeric","true","backend\src\fire-positions\fire-position.entity.ts"
"fire_positions","FirePosition","mainDirectionUnits","main_direction_units","Column","numeric","true","backend\src\fire-positions\fire-position.entity.ts"
"fire_positions","FirePosition","mgrs","mgrs","Column","varchar","true","backend\src\fire-positions\fire-position.entity.ts"
"fire_positions","FirePosition","name","name","Column","varchar","","backend\src\fire-positions\fire-position.entity.ts"
"fire_positions","FirePosition","notReadyReason","not_ready_reason","Column","text","true","backend\src\fire-positions\fire-position.entity.ts"
"fire_positions","FirePosition","personnelRotationDate","personnel_rotation_date","Column","date","true","backend\src\fire-positions\fire-position.entity.ts"
"fire_positions","FirePosition","personnelRotationStatus","personnel_rotation_status","Column","varchar","true","backend\src\fire-positions\fire-position.entity.ts"
"fire_positions","FirePosition","positionType","position_type","Column","varchar","","backend\src\fire-positions\fire-position.entity.ts"
"fire_positions","FirePosition","readinessStatus","readiness_status","Column","varchar","","backend\src\fire-positions\fire-position.entity.ts"
"fire_positions","FirePosition","sectorLeftDegrees","sector_left_degrees","Column","integer","true","backend\src\fire-positions\fire-position.entity.ts"
"fire_positions","FirePosition","sectorRightDegrees","sector_right_degrees","Column","integer","true","backend\src\fire-positions\fire-position.entity.ts"
"fire_positions","FirePosition","traverseLeftDegrees","traverse_left_degrees","Column","numeric","true","backend\src\fire-positions\fire-position.entity.ts"
"fire_positions","FirePosition","traverseLeftUnits","traverse_left_units","Column","numeric","true","backend\src\fire-positions\fire-position.entity.ts"
"fire_positions","FirePosition","traverseLimits","traverse_limits","Column","varchar","true","backend\src\fire-positions\fire-position.entity.ts"
"fire_positions","FirePosition","traverseRightDegrees","traverse_right_degrees","Column","numeric","true","backend\src\fire-positions\fire-position.entity.ts"
"fire_positions","FirePosition","traverseRightUnits","traverse_right_units","Column","numeric","true","backend\src\fire-positions\fire-position.entity.ts"
"fire_positions","FirePosition","unitId","unit_id","Column","uuid","true","backend\src\fire-positions\fire-position.entity.ts"
"fire_positions","FirePosition","updatedAt","updated_at","UpdateDateColumn","","","backend\src\fire-positions\fire-position.entity.ts"
"fuzes","Fuze","createdAt","created_at","CreateDateColumn","","","backend\src\fuzes\fuze.entity.ts"
"fuzes","Fuze","id","id","PrimaryGeneratedColumn","uuid","","backend\src\fuzes\fuze.entity.ts"
"fuzes","Fuze","marking","marking","Column","varchar","","backend\src\fuzes\fuze.entity.ts"
"fuzes","Fuze","material","material","Column","varchar","true","backend\src\fuzes\fuze.entity.ts"
"fuzes","Fuze","updatedAt","updated_at","UpdateDateColumn","","","backend\src\fuzes\fuze.entity.ts"
"operator_shifts","OperatorShift","createdAt","created_at","CreateDateColumn","","","backend\src\operator-shifts\operator-shift.entity.ts"
"operator_shifts","OperatorShift","endedAt","ended_at","Column","timestamptz","true","backend\src\operator-shifts\operator-shift.entity.ts"
"operator_shifts","OperatorShift","id","id","PrimaryGeneratedColumn","uuid","","backend\src\operator-shifts\operator-shift.entity.ts"
"operator_shifts","OperatorShift","note","note","Column","text","true","backend\src\operator-shifts\operator-shift.entity.ts"
"operator_shifts","OperatorShift","operatorLogin","operator_login","Column","varchar","","backend\src\operator-shifts\operator-shift.entity.ts"
"operator_shifts","OperatorShift","operatorName","operator_name","Column","varchar","true","backend\src\operator-shifts\operator-shift.entity.ts"
"operator_shifts","OperatorShift","operatorUserId","operator_user_id","Column","uuid","","backend\src\operator-shifts\operator-shift.entity.ts"
"operator_shifts","OperatorShift","startedAt","started_at","Column","timestamptz","","backend\src\operator-shifts\operator-shift.entity.ts"
"operator_shifts","OperatorShift","status","status","Column","varchar","","backend\src\operator-shifts\operator-shift.entity.ts"
"operator_shifts","OperatorShift","unitId","unit_id","Column","uuid","true","backend\src\operator-shifts\operator-shift.entity.ts"
"operator_shifts","OperatorShift","updatedAt","updated_at","UpdateDateColumn","","","backend\src\operator-shifts\operator-shift.entity.ts"
"planned_route_points","PlannedRoutePoint","id","id","PrimaryGeneratedColumn","uuid","","backend\src\planned-trips\planned-route-point.entity.ts"
"planned_route_points","PlannedRoutePoint","isControl","is_control","Column","boolean","","backend\src\planned-trips\planned-route-point.entity.ts"
"planned_route_points","PlannedRoutePoint","lat","lat","Column","double precision","","backend\src\planned-trips\planned-route-point.entity.ts"
"planned_route_points","PlannedRoutePoint","lng","lng","Column","double precision","","backend\src\planned-trips\planned-route-point.entity.ts"
"planned_route_points","PlannedRoutePoint","name","name","Column","varchar","","backend\src\planned-trips\planned-route-point.entity.ts"
"planned_route_points","PlannedRoutePoint","routeId","route_id","Column","uuid","","backend\src\planned-trips\planned-route-point.entity.ts"
"planned_route_points","PlannedRoutePoint","sortOrder","sort_order","Column","int","","backend\src\planned-trips\planned-route-point.entity.ts"
"planned_routes","PlannedRoute","createdAt","created_at","CreateDateColumn","","","backend\src\planned-trips\planned-route.entity.ts"
"planned_routes","PlannedRoute","description","description","Column","text","true","backend\src\planned-trips\planned-route.entity.ts"
"planned_routes","PlannedRoute","id","id","PrimaryGeneratedColumn","uuid","","backend\src\planned-trips\planned-route.entity.ts"
"planned_routes","PlannedRoute","name","name","Column","varchar","","backend\src\planned-trips\planned-route.entity.ts"
"planned_routes","PlannedRoute","updatedAt","updated_at","UpdateDateColumn","","","backend\src\planned-trips\planned-route.entity.ts"
"planned_vehicle_trip_checkpoints","PlannedVehicleTripCheckpoint","id","id","PrimaryGeneratedColumn","uuid","","backend\src\planned-trips\planned-vehicle-trip-checkpoint.entity.ts"
"planned_vehicle_trip_checkpoints","PlannedVehicleTripCheckpoint","isControl","is_control","Column","boolean","","backend\src\planned-trips\planned-vehicle-trip-checkpoint.entity.ts"
"planned_vehicle_trip_checkpoints","PlannedVehicleTripCheckpoint","lat","lat","Column","double precision","","backend\src\planned-trips\planned-vehicle-trip-checkpoint.entity.ts"
"planned_vehicle_trip_checkpoints","PlannedVehicleTripCheckpoint","lng","lng","Column","double precision","","backend\src\planned-trips\planned-vehicle-trip-checkpoint.entity.ts"
"planned_vehicle_trip_checkpoints","PlannedVehicleTripCheckpoint","name","name","Column","varchar","","backend\src\planned-trips\planned-vehicle-trip-checkpoint.entity.ts"
"planned_vehicle_trip_checkpoints","PlannedVehicleTripCheckpoint","passedAt","passed_at","Column","timestamp","true","backend\src\planned-trips\planned-vehicle-trip-checkpoint.entity.ts"
"planned_vehicle_trip_checkpoints","PlannedVehicleTripCheckpoint","routePointId","route_point_id","Column","uuid","true","backend\src\planned-trips\planned-vehicle-trip-checkpoint.entity.ts"
"planned_vehicle_trip_checkpoints","PlannedVehicleTripCheckpoint","sortOrder","sort_order","Column","int","","backend\src\planned-trips\planned-vehicle-trip-checkpoint.entity.ts"
"planned_vehicle_trip_checkpoints","PlannedVehicleTripCheckpoint","tripId","trip_id","Column","uuid","","backend\src\planned-trips\planned-vehicle-trip-checkpoint.entity.ts"
"planned_vehicle_trips","PlannedVehicleTrip","createdAt","created_at","CreateDateColumn","","","backend\src\planned-trips\planned-vehicle-trip.entity.ts"
"planned_vehicle_trips","PlannedVehicleTrip","destinationEntityId","destination_entity_id","Column","uuid","true","backend\src\planned-trips\planned-vehicle-trip.entity.ts"
"planned_vehicle_trips","PlannedVehicleTrip","destinationEntityType","destination_entity_type","Column","varchar","true","backend\src\planned-trips\planned-vehicle-trip.entity.ts"
"planned_vehicle_trips","PlannedVehicleTrip","destinationName","destination_name","Column","varchar","true","backend\src\planned-trips\planned-vehicle-trip.entity.ts"
"planned_vehicle_trips","PlannedVehicleTrip","driverLabel","driver_label","Column","varchar","true","backend\src\planned-trips\planned-vehicle-trip.entity.ts"
"planned_vehicle_trips","PlannedVehicleTrip","endRoutePointId","end_route_point_id","Column","uuid","true","backend\src\planned-trips\planned-vehicle-trip.entity.ts"
"planned_vehicle_trips","PlannedVehicleTrip","id","id","PrimaryGeneratedColumn","uuid","","backend\src\planned-trips\planned-vehicle-trip.entity.ts"
"planned_vehicle_trips","PlannedVehicleTrip","plannedStartAt","planned_start_at","Column","timestamp","true","backend\src\planned-trips\planned-vehicle-trip.entity.ts"
"planned_vehicle_trips","PlannedVehicleTrip","routeId","route_id","Column","uuid","","backend\src\planned-trips\planned-vehicle-trip.entity.ts"
"planned_vehicle_trips","PlannedVehicleTrip","startRoutePointId","start_route_point_id","Column","uuid","true","backend\src\planned-trips\planned-vehicle-trip.entity.ts"
"planned_vehicle_trips","PlannedVehicleTrip","status","status","Column","varchar","","backend\src\planned-trips\planned-vehicle-trip.entity.ts"
"planned_vehicle_trips","PlannedVehicleTrip","tripPurpose","trip_purpose","Column","text","true","backend\src\planned-trips\planned-vehicle-trip.entity.ts"
"planned_vehicle_trips","PlannedVehicleTrip","unitId","unit_id","Column","uuid","true","backend\src\planned-trips\planned-vehicle-trip.entity.ts"
"planned_vehicle_trips","PlannedVehicleTrip","updatedAt","updated_at","UpdateDateColumn","","","backend\src\planned-trips\planned-vehicle-trip.entity.ts"
"planned_vehicle_trips","PlannedVehicleTrip","vehicleLabel","vehicle_label","Column","varchar","","backend\src\planned-trips\planned-vehicle-trip.entity.ts"
"primers","Primer","ammoType","ammo_type","Column","varchar","true","backend\src\primers\primer.entity.ts"
"primers","Primer","createdAt","created_at","CreateDateColumn","","","backend\src\primers\primer.entity.ts"
"primers","Primer","id","id","PrimaryGeneratedColumn","uuid","","backend\src\primers\primer.entity.ts"
"primers","Primer","marking","marking","Column","varchar","","backend\src\primers\primer.entity.ts"
"primers","Primer","updatedAt","updated_at","UpdateDateColumn","","","backend\src\primers\primer.entity.ts"
"recon_areas","ReconArea","archivedAt","archived_at","Column","timestamptz","true","backend\src\modules\recon\entities\recon-area.entity.ts"
"recon_areas","ReconArea","createdAt","created_at","CreateDateColumn","","","backend\src\modules\recon\entities\recon-area.entity.ts"
"recon_areas","ReconArea","description","description","Column","text","true","backend\src\modules\recon\entities\recon-area.entity.ts"
"recon_areas","ReconArea","geometry","geometry","Column","geometry","","backend\src\modules\recon\entities\recon-area.entity.ts"
"recon_areas","ReconArea","id","id","PrimaryGeneratedColumn","uuid","","backend\src\modules\recon\entities\recon-area.entity.ts"
"recon_areas","ReconArea","name","name","Column","varchar","","backend\src\modules\recon\entities\recon-area.entity.ts"
"recon_areas","ReconArea","status","status","Column","varchar","","backend\src\modules\recon\entities\recon-area.entity.ts"
"recon_areas","ReconArea","updatedAt","updated_at","UpdateDateColumn","","","backend\src\modules\recon\entities\recon-area.entity.ts"
"recon_assessments","ReconAssessment","assessmentType","assessment_type","Column","varchar","","backend\src\modules\recon\entities\recon-assessment.entity.ts"
"recon_assessments","ReconAssessment","confirmedBy","confirmed_by","Column","varchar","true","backend\src\modules\recon\entities\recon-assessment.entity.ts"
"recon_assessments","ReconAssessment","createdAt","created_at","CreateDateColumn","","","backend\src\modules\recon\entities\recon-assessment.entity.ts"
"recon_assessments","ReconAssessment","id","id","PrimaryGeneratedColumn","uuid","","backend\src\modules\recon\entities\recon-assessment.entity.ts"
"recon_assessments","ReconAssessment","notes","notes","Column","text","true","backend\src\modules\recon\entities\recon-assessment.entity.ts"
"recon_assessments","ReconAssessment","proposedBy","proposed_by","Column","varchar","true","backend\src\modules\recon\entities\recon-assessment.entity.ts"
"recon_assessments","ReconAssessment","status","status","Column","varchar","","backend\src\modules\recon\entities\recon-assessment.entity.ts"
"recon_assessments","ReconAssessment","targetId","target_id","Column","uuid","true","backend\src\modules\recon\entities\recon-assessment.entity.ts"
"recon_assessments","ReconAssessment","updatedAt","updated_at","UpdateDateColumn","","","backend\src\modules\recon\entities\recon-assessment.entity.ts"
"recon_correlations","ReconCorrelation","createdAt","created_at","CreateDateColumn","","","backend\src\modules\recon\entities\recon-correlation.entity.ts"
"recon_correlations","ReconCorrelation","distanceM","distance_m","Column","double precision","","backend\src\modules\recon\entities\recon-correlation.entity.ts"
"recon_correlations","ReconCorrelation","id","id","PrimaryGeneratedColumn","uuid","","backend\src\modules\recon\entities\recon-correlation.entity.ts"
"recon_correlations","ReconCorrelation","impactId","impact_id","Column","uuid","true","backend\src\modules\recon\entities\recon-correlation.entity.ts"
"recon_correlations","ReconCorrelation","payload","payload","Column","jsonb","","backend\src\modules\recon\entities\recon-correlation.entity.ts"
"recon_correlations","ReconCorrelation","reasonJson","reason_json","Column","jsonb","","backend\src\modules\recon\entities\recon-correlation.entity.ts"
"recon_correlations","ReconCorrelation","score","score","Column","integer","","backend\src\modules\recon\entities\recon-correlation.entity.ts"
"recon_correlations","ReconCorrelation","status","status","Column","varchar","","backend\src\modules\recon\entities\recon-correlation.entity.ts"
"recon_correlations","ReconCorrelation","targetId","target_id","Column","uuid","true","backend\src\modules\recon\entities\recon-correlation.entity.ts"
"recon_correlations","ReconCorrelation","timeDeltaSec","time_delta_sec","Column","integer","","backend\src\modules\recon\entities\recon-correlation.entity.ts"
"recon_correlations","ReconCorrelation","updatedAt","updated_at","UpdateDateColumn","","","backend\src\modules\recon\entities\recon-correlation.entity.ts"
"recon_events","ReconEvent","createdAt","created_at","CreateDateColumn","","","backend\src\modules\recon\entities\recon-event.entity.ts"
"recon_events","ReconEvent","entityId","entity_id","Column","uuid","true","backend\src\modules\recon\entities\recon-event.entity.ts"
"recon_events","ReconEvent","entityType","entity_type","Column","varchar","","backend\src\modules\recon\entities\recon-event.entity.ts"
"recon_events","ReconEvent","eventType","event_type","Column","varchar","","backend\src\modules\recon\entities\recon-event.entity.ts"
"recon_events","ReconEvent","id","id","PrimaryGeneratedColumn","uuid","","backend\src\modules\recon\entities\recon-event.entity.ts"
"recon_events","ReconEvent","payload","payload","Column","jsonb","","backend\src\modules\recon\entities\recon-event.entity.ts"
"recon_impact_observations","ReconImpactObservation","createdAt","created_at","CreateDateColumn","","","backend\src\modules\recon\entities\recon-impact-observation.entity.ts"
"recon_impact_observations","ReconImpactObservation","externalId","external_id","Column","varchar","true","backend\src\modules\recon\entities\recon-impact-observation.entity.ts"
"recon_impact_observations","ReconImpactObservation","geometry","geometry","Column","geometry","","backend\src\modules\recon\entities\recon-impact-observation.entity.ts"
"recon_impact_observations","ReconImpactObservation","id","id","PrimaryGeneratedColumn","uuid","","backend\src\modules\recon\entities\recon-impact-observation.entity.ts"
"recon_impact_observations","ReconImpactObservation","impactDatetime","impact_datetime","Column","timestamptz","","backend\src\modules\recon\entities\recon-impact-observation.entity.ts"
"recon_impact_observations","ReconImpactObservation","inputProvider","input_provider","Column","varchar","","backend\src\modules\recon\entities\recon-impact-observation.entity.ts"
"recon_impact_observations","ReconImpactObservation","lat","lat","Column","double precision","","backend\src\modules\recon\entities\recon-impact-observation.entity.ts"
"recon_impact_observations","ReconImpactObservation","lng","lng","Column","double precision","","backend\src\modules\recon\entities\recon-impact-observation.entity.ts"
"recon_impact_observations","ReconImpactObservation","mgrs","mgrs","Column","varchar","","backend\src\modules\recon\entities\recon-impact-observation.entity.ts"
"recon_impact_observations","ReconImpactObservation","platformId","platform_id","Column","varchar","true","backend\src\modules\recon\entities\recon-impact-observation.entity.ts"
"recon_impact_observations","ReconImpactObservation","rawPayload","raw_payload","Column","jsonb","","backend\src\modules\recon\entities\recon-impact-observation.entity.ts"
"recon_impact_observations","ReconImpactObservation","source","source","Column","varchar","","backend\src\modules\recon\entities\recon-impact-observation.entity.ts"
"recon_impact_observations","ReconImpactObservation","status","status","Column","varchar","","backend\src\modules\recon\entities\recon-impact-observation.entity.ts"
"recon_impact_observations","ReconImpactObservation","targetType","target_type","Column","varchar","","backend\src\modules\recon\entities\recon-impact-observation.entity.ts"
"recon_import_batches","ReconImportBatch","acceptedRows","accepted_rows","Column","integer","","backend\src\modules\recon\entities\recon-import-batch.entity.ts"
"recon_import_batches","ReconImportBatch","confirmedAt","confirmed_at","Column","timestamptz","true","backend\src\modules\recon\entities\recon-import-batch.entity.ts"
"recon_import_batches","ReconImportBatch","createdAt","created_at","CreateDateColumn","","","backend\src\modules\recon\entities\recon-import-batch.entity.ts"
"recon_import_batches","ReconImportBatch","duplicateRows","duplicate_rows","Column","integer","","backend\src\modules\recon\entities\recon-import-batch.entity.ts"
"recon_import_batches","ReconImportBatch","errorRows","error_rows","Column","integer","","backend\src\modules\recon\entities\recon-import-batch.entity.ts"
"recon_import_batches","ReconImportBatch","id","id","PrimaryGeneratedColumn","uuid","","backend\src\modules\recon\entities\recon-import-batch.entity.ts"
"recon_import_batches","ReconImportBatch","rawPayload","raw_payload","Column","jsonb","","backend\src\modules\recon\entities\recon-import-batch.entity.ts"
"recon_import_batches","ReconImportBatch","source","source","Column","varchar","","backend\src\modules\recon\entities\recon-import-batch.entity.ts"
"recon_import_batches","ReconImportBatch","status","status","Column","varchar","","backend\src\modules\recon\entities\recon-import-batch.entity.ts"
"recon_import_batches","ReconImportBatch","totalRows","total_rows","Column","integer","","backend\src\modules\recon\entities\recon-import-batch.entity.ts"
"recon_import_errors","ReconImportError","batchId","batch_id","Column","uuid","true","backend\src\modules\recon\entities\recon-import-error.entity.ts"
"recon_import_errors","ReconImportError","createdAt","created_at","CreateDateColumn","","","backend\src\modules\recon\entities\recon-import-error.entity.ts"
"recon_import_errors","ReconImportError","errorCode","error_code","Column","varchar","","backend\src\modules\recon\entities\recon-import-error.entity.ts"
"recon_import_errors","ReconImportError","id","id","PrimaryGeneratedColumn","uuid","","backend\src\modules\recon\entities\recon-import-error.entity.ts"
"recon_import_errors","ReconImportError","message","message","Column","text","","backend\src\modules\recon\entities\recon-import-error.entity.ts"
"recon_import_errors","ReconImportError","rawPayload","raw_payload","Column","jsonb","","backend\src\modules\recon\entities\recon-import-error.entity.ts"
"recon_import_errors","ReconImportError","rowNumber","row_number","Column","integer","","backend\src\modules\recon\entities\recon-import-error.entity.ts"
"recon_intelligence_reports","ReconIntelligenceReport","createdAt","created_at","CreateDateColumn","","","backend\src\modules\recon\entities\recon-intelligence-report.entity.ts"
"recon_intelligence_reports","ReconIntelligenceReport","id","id","PrimaryGeneratedColumn","uuid","","backend\src\modules\recon\entities\recon-intelligence-report.entity.ts"
"recon_intelligence_reports","ReconIntelligenceReport","inputProvider","input_provider","Column","varchar","","backend\src\modules\recon\entities\recon-intelligence-report.entity.ts"
"recon_intelligence_reports","ReconIntelligenceReport","rawPayload","raw_payload","Column","jsonb","","backend\src\modules\recon\entities\recon-intelligence-report.entity.ts"
"recon_intelligence_reports","ReconIntelligenceReport","reportDatetime","report_datetime","Column","timestamptz","","backend\src\modules\recon\entities\recon-intelligence-report.entity.ts"
"recon_intelligence_reports","ReconIntelligenceReport","source","source","Column","varchar","","backend\src\modules\recon\entities\recon-intelligence-report.entity.ts"
"recon_intelligence_reports","ReconIntelligenceReport","summary","summary","Column","text","true","backend\src\modules\recon\entities\recon-intelligence-report.entity.ts"
"recon_intelligence_reports","ReconIntelligenceReport","title","title","Column","varchar","","backend\src\modules\recon\entities\recon-intelligence-report.entity.ts"
"recon_observations","ReconObservation","createdAt","created_at","CreateDateColumn","","","backend\src\modules\recon\entities\recon-observation.entity.ts"
"recon_observations","ReconObservation","externalId","external_id","Column","varchar","true","backend\src\modules\recon\entities\recon-observation.entity.ts"
"recon_observations","ReconObservation","geometry","geometry","Column","geometry","","backend\src\modules\recon\entities\recon-observation.entity.ts"
"recon_observations","ReconObservation","id","id","PrimaryGeneratedColumn","uuid","","backend\src\modules\recon\entities\recon-observation.entity.ts"
"recon_observations","ReconObservation","inputProvider","input_provider","Column","varchar","","backend\src\modules\recon\entities\recon-observation.entity.ts"
"recon_observations","ReconObservation","lat","lat","Column","double precision","","backend\src\modules\recon\entities\recon-observation.entity.ts"
"recon_observations","ReconObservation","lng","lng","Column","double precision","","backend\src\modules\recon\entities\recon-observation.entity.ts"
"recon_observations","ReconObservation","mgrs","mgrs","Column","varchar","","backend\src\modules\recon\entities\recon-observation.entity.ts"
"recon_observations","ReconObservation","notes","notes","Column","text","true","backend\src\modules\recon\entities\recon-observation.entity.ts"
"recon_observations","ReconObservation","observationDatetime","observation_datetime","Column","timestamptz","","backend\src\modules\recon\entities\recon-observation.entity.ts"
"recon_observations","ReconObservation","platformId","platform_id","Column","varchar","true","backend\src\modules\recon\entities\recon-observation.entity.ts"
"recon_observations","ReconObservation","rawPayload","raw_payload","Column","jsonb","","backend\src\modules\recon\entities\recon-observation.entity.ts"
"recon_observations","ReconObservation","source","source","Column","varchar","","backend\src\modules\recon\entities\recon-observation.entity.ts"
"recon_observations","ReconObservation","status","status","Column","varchar","","backend\src\modules\recon\entities\recon-observation.entity.ts"
"recon_observations","ReconObservation","targetType","target_type","Column","varchar","","backend\src\modules\recon\entities\recon-observation.entity.ts"
"recon_processed_target_decisions","ReconProcessedTargetDecision","createdAt","created_at","CreateDateColumn","","","backend\src\modules\recon\entities\recon-processed-target-decision.entity.ts"
"recon_processed_target_decisions","ReconProcessedTargetDecision","decidedAt","decided_at","Column","timestamptz","true","backend\src\modules\recon\entities\recon-processed-target-decision.entity.ts"
"recon_processed_target_decisions","ReconProcessedTargetDecision","decision","decision","Column","varchar","true","backend\src\modules\recon\entities\recon-processed-target-decision.entity.ts"
"recon_processed_target_decisions","ReconProcessedTargetDecision","id","id","PrimaryGeneratedColumn","uuid","","backend\src\modules\recon\entities\recon-processed-target-decision.entity.ts"
"recon_processed_target_decisions","ReconProcessedTargetDecision","observationId","observation_id","Column","uuid","","backend\src\modules\recon\entities\recon-processed-target-decision.entity.ts"
"recon_processed_target_decisions","ReconProcessedTargetDecision","payload","payload","Column","jsonb","","backend\src\modules\recon\entities\recon-processed-target-decision.entity.ts"
"recon_processed_target_decisions","ReconProcessedTargetDecision","status","status","Column","varchar","","backend\src\modules\recon\entities\recon-processed-target-decision.entity.ts"
"recon_processed_target_decisions","ReconProcessedTargetDecision","targetId","target_id","Column","uuid","","backend\src\modules\recon\entities\recon-processed-target-decision.entity.ts"
"recon_puar_proposals","ReconPuarProposal","acceptedServiceOrderId","accepted_service_order_id","Column","uuid","true","backend\src\modules\recon\entities\recon-puar-proposal.entity.ts"
"recon_puar_proposals","ReconPuarProposal","comments","comments","Column","text","true","backend\src\modules\recon\entities\recon-puar-proposal.entity.ts"
"recon_puar_proposals","ReconPuarProposal","createdAt","created_at","CreateDateColumn","","","backend\src\modules\recon\entities\recon-puar-proposal.entity.ts"
"recon_puar_proposals","ReconPuarProposal","id","id","PrimaryGeneratedColumn","uuid","","backend\src\modules\recon\entities\recon-puar-proposal.entity.ts"
"recon_puar_proposals","ReconPuarProposal","observationId","observation_id","Column","uuid","true","backend\src\modules\recon\entities\recon-puar-proposal.entity.ts"
"recon_puar_proposals","ReconPuarProposal","payload","payload","Column","jsonb","","backend\src\modules\recon\entities\recon-puar-proposal.entity.ts"
"recon_puar_proposals","ReconPuarProposal","sourceKind","source_kind","Column","varchar","","backend\src\modules\recon\entities\recon-puar-proposal.entity.ts"
"recon_puar_proposals","ReconPuarProposal","status","status","Column","varchar","","backend\src\modules\recon\entities\recon-puar-proposal.entity.ts"
"recon_puar_proposals","ReconPuarProposal","targetId","target_id","Column","uuid","true","backend\src\modules\recon\entities\recon-puar-proposal.entity.ts"
"recon_puar_proposals","ReconPuarProposal","updatedAt","updated_at","UpdateDateColumn","","","backend\src\modules\recon\entities\recon-puar-proposal.entity.ts"
"recon_settings","ReconSetting","createdAt","created_at","CreateDateColumn","","","backend\src\modules\recon\entities\recon-setting.entity.ts"
"recon_settings","ReconSetting","id","id","PrimaryGeneratedColumn","uuid","","backend\src\modules\recon\entities\recon-setting.entity.ts"
"recon_settings","ReconSetting","key","key","Column","varchar","","backend\src\modules\recon\entities\recon-setting.entity.ts"
"recon_settings","ReconSetting","updatedAt","updated_at","UpdateDateColumn","","","backend\src\modules\recon\entities\recon-setting.entity.ts"
"recon_settings","ReconSetting","value","value","Column","jsonb","","backend\src\modules\recon\entities\recon-setting.entity.ts"
"recon_target_observations","ReconTargetObservation","createdAt","created_at","CreateDateColumn","","","backend\src\modules\recon\entities\recon-target-observation.entity.ts"
"recon_target_observations","ReconTargetObservation","id","id","PrimaryGeneratedColumn","uuid","","backend\src\modules\recon\entities\recon-target-observation.entity.ts"
"recon_target_observations","ReconTargetObservation","linkType","link_type","Column","varchar","","backend\src\modules\recon\entities\recon-target-observation.entity.ts"
"recon_target_observations","ReconTargetObservation","observationId","observation_id","Column","uuid","","backend\src\modules\recon\entities\recon-target-observation.entity.ts"
"recon_target_observations","ReconTargetObservation","targetId","target_id","Column","uuid","","backend\src\modules\recon\entities\recon-target-observation.entity.ts"
"recon_targets","ReconTarget","activityIndex","activity_index","Column","integer","","backend\src\modules\recon\entities\recon-target.entity.ts"
"recon_targets","ReconTarget","archivedAt","archived_at","Column","timestamptz","true","backend\src\modules\recon\entities\recon-target.entity.ts"
"recon_targets","ReconTarget","azimuthDeg","azimuth_deg","Column","double precision","","backend\src\modules\recon\entities\recon-target.entity.ts"
"recon_targets","ReconTarget","center","center","Column","geometry","","backend\src\modules\recon\entities\recon-target.entity.ts"
"recon_targets","ReconTarget","confidenceIndex","confidence_index","Column","integer","","backend\src\modules\recon\entities\recon-target.entity.ts"
"recon_targets","ReconTarget","confidenceLabel","confidence_label","Column","varchar","","backend\src\modules\recon\entities\recon-target.entity.ts"
"recon_targets","ReconTarget","createdAt","created_at","CreateDateColumn","","","backend\src\modules\recon\entities\recon-target.entity.ts"
"recon_targets","ReconTarget","freshnessIndex","freshness_index","Column","integer","","backend\src\modules\recon\entities\recon-target.entity.ts"
"recon_targets","ReconTarget","id","id","PrimaryGeneratedColumn","uuid","","backend\src\modules\recon\entities\recon-target.entity.ts"
"recon_targets","ReconTarget","lat","lat","Column","double precision","","backend\src\modules\recon\entities\recon-target.entity.ts"
"recon_targets","ReconTarget","lng","lng","Column","double precision","","backend\src\modules\recon\entities\recon-target.entity.ts"
"recon_targets","ReconTarget","mgrs","mgrs","Column","varchar","","backend\src\modules\recon\entities\recon-target.entity.ts"
"recon_targets","ReconTarget","platformId","platform_id","Column","varchar","true","backend\src\modules\recon\entities\recon-target.entity.ts"
"recon_targets","ReconTarget","possibleTargetTypes","possible_target_types","Column","jsonb","","backend\src\modules\recon\entities\recon-target.entity.ts"
"recon_targets","ReconTarget","semiMajorM","semi_major_m","Column","double precision","","backend\src\modules\recon\entities\recon-target.entity.ts"
"recon_targets","ReconTarget","semiMinorM","semi_minor_m","Column","double precision","","backend\src\modules\recon\entities\recon-target.entity.ts"
"recon_targets","ReconTarget","status","status","Column","varchar","","backend\src\modules\recon\entities\recon-target.entity.ts"
"recon_targets","ReconTarget","targetType","target_type","Column","varchar","","backend\src\modules\recon\entities\recon-target.entity.ts"
"recon_targets","ReconTarget","threatIndex","threat_index","Column","integer","","backend\src\modules\recon\entities\recon-target.entity.ts"
"recon_targets","ReconTarget","updatedAt","updated_at","UpdateDateColumn","","","backend\src\modules\recon\entities\recon-target.entity.ts"
"service_order_actual_ammo","ServiceOrderActualAmmo","chargeId","charge_id","Column","uuid","","backend\src\service-orders\service-order-actual-ammo.entity.ts"
"service_order_actual_ammo","ServiceOrderActualAmmo","chargeModulesPerShot","charge_modules_per_shot","Column","int","true","backend\src\service-orders\service-order-actual-ammo.entity.ts"
"service_order_actual_ammo","ServiceOrderActualAmmo","chargeQuantity","charge_quantity","Column","numeric","","backend\src\service-orders\service-order-actual-ammo.entity.ts"
"service_order_actual_ammo","ServiceOrderActualAmmo","createdAt","created_at","CreateDateColumn","","","backend\src\service-orders\service-order-actual-ammo.entity.ts"
"service_order_actual_ammo","ServiceOrderActualAmmo","id","id","PrimaryGeneratedColumn","uuid","","backend\src\service-orders\service-order-actual-ammo.entity.ts"
"service_order_actual_ammo","ServiceOrderActualAmmo","serviceOrderId","service_order_id","Column","uuid","","backend\src\service-orders\service-order-actual-ammo.entity.ts"
"service_order_actual_ammo","ServiceOrderActualAmmo","shellId","shell_id","Column","uuid","","backend\src\service-orders\service-order-actual-ammo.entity.ts"
"service_order_actual_ammo","ServiceOrderActualAmmo","shotQuantity","shot_quantity","Column","numeric","","backend\src\service-orders\service-order-actual-ammo.entity.ts"
"service_orders","ServiceOrder","acceptedByUserId","accepted_by_user_id","Column","uuid","true","backend\src\service-orders\service-order.entity.ts"
"service_orders","ServiceOrder","actualChargeModulesPerShot","actual_charge_modules_per_shot","Column","int","true","backend\src\service-orders\service-order.entity.ts"
"service_orders","ServiceOrder","actualChargeQuantity","actual_charge_quantity","Column","numeric","true","backend\src\service-orders\service-order.entity.ts"
"service_orders","ServiceOrder","actualQuantity","actual_quantity","Column","numeric","true","backend\src\service-orders\service-order.entity.ts"
"service_orders","ServiceOrder","assignedScope","assigned_scope","Column","varchar","true","backend\src\service-orders\service-order.entity.ts"
"service_orders","ServiceOrder","assignedUnitId","assigned_unit_id","Column","uuid","true","backend\src\service-orders\service-order.entity.ts"
"service_orders","ServiceOrder","completedAt","completed_at","Column","timestamp","true","backend\src\service-orders\service-order.entity.ts"
"service_orders","ServiceOrder","completedByUserId","completed_by_user_id","Column","uuid","true","backend\src\service-orders\service-order.entity.ts"
"service_orders","ServiceOrder","createdAt","created_at","CreateDateColumn","","","backend\src\service-orders\service-order.entity.ts"
"service_orders","ServiceOrder","createdByUserId","created_by_user_id","Column","uuid","true","backend\src\service-orders\service-order.entity.ts"
"service_orders","ServiceOrder","executorType","executor_type","Column","varchar","true","backend\src\service-orders\service-order.entity.ts"
"service_orders","ServiceOrder","id","id","PrimaryGeneratedColumn","uuid","","backend\src\service-orders\service-order.entity.ts"
"service_orders","ServiceOrder","linkedAirTaskId","linked_air_task_id","Column","uuid","true","backend\src\service-orders\service-order.entity.ts"
"service_orders","ServiceOrder","orderNumber","order_number","Column","","","backend\src\service-orders\service-order.entity.ts"
"service_orders","ServiceOrder","plannedQuantity","planned_quantity","Column","numeric","","backend\src\service-orders\service-order.entity.ts"
"service_orders","ServiceOrder","plannedResourceAId","planned_resource_a_id","Column","uuid","true","backend\src\service-orders\service-order.entity.ts"
"service_orders","ServiceOrder","plannedResourceBId","planned_resource_b_id","Column","uuid","true","backend\src\service-orders\service-order.entity.ts"
"service_orders","ServiceOrder","reconLinkCheckedAt","recon_link_checked_at","Column","timestamptz","true","backend\src\service-orders\service-order.entity.ts"
"service_orders","ServiceOrder","reconSnapshot","recon_snapshot","Column","jsonb","true","backend\src\service-orders\service-order.entity.ts"
"service_orders","ServiceOrder","reconSnapshotUpdatedAt","recon_snapshot_updated_at","Column","timestamptz","true","backend\src\service-orders\service-order.entity.ts"
"service_orders","ServiceOrder","rejectedAt","rejected_at","Column","timestamp","true","backend\src\service-orders\service-order.entity.ts"
"service_orders","ServiceOrder","rejectedByUnitName","rejected_by_unit_name","Column","varchar","true","backend\src\service-orders\service-order.entity.ts"
"service_orders","ServiceOrder","rejectionReason","rejection_reason","Column","text","true","backend\src\service-orders\service-order.entity.ts"
"service_orders","ServiceOrder","resultComment","result_comment","Column","text","true","backend\src\service-orders\service-order.entity.ts"
"service_orders","ServiceOrder","resultType","result_type","Column","varchar","true","backend\src\service-orders\service-order.entity.ts"
"service_orders","ServiceOrder","selectedAirAssetPositionId","selected_air_asset_position_id","Column","uuid","true","backend\src\service-orders\service-order.entity.ts"
"service_orders","ServiceOrder","selectedChargeId","selected_charge_id","Column","uuid","true","backend\src\service-orders\service-order.entity.ts"
"service_orders","ServiceOrder","selectedDroneModelId","selected_drone_model_id","Column","uuid","true","backend\src\service-orders\service-order.entity.ts"
"service_orders","ServiceOrder","selectedFirePositionId","selected_fire_position_id","Column","uuid","true","backend\src\service-orders\service-order.entity.ts"
"service_orders","ServiceOrder","selectedShellId","selected_shell_id","Column","uuid","true","backend\src\service-orders\service-order.entity.ts"
"service_orders","ServiceOrder","selectedWarheadTypeId","selected_warhead_type_id","Column","uuid","true","backend\src\service-orders\service-order.entity.ts"
"service_orders","ServiceOrder","selectedZoneId","selected_zone_id","Column","uuid","true","backend\src\service-orders\service-order.entity.ts"
"service_orders","ServiceOrder","sentByUserId","sent_by_user_id","Column","uuid","true","backend\src\service-orders\service-order.entity.ts"
"service_orders","ServiceOrder","sourcePuarProposalId","source_puar_proposal_id","Column","uuid","true","backend\src\service-orders\service-order.entity.ts"
"service_orders","ServiceOrder","sourceReconObservationId","source_recon_observation_id","Column","uuid","true","backend\src\service-orders\service-order.entity.ts"
"service_orders","ServiceOrder","sourceReconTargetId","source_recon_target_id","Column","uuid","true","backend\src\service-orders\service-order.entity.ts"
"service_orders","ServiceOrder","startedAt","started_at","Column","timestamp","true","backend\src\service-orders\service-order.entity.ts"
"service_orders","ServiceOrder","status","status","Column","","","backend\src\service-orders\service-order.entity.ts"
"service_orders","ServiceOrder","targetLat","target_lat","Column","double precision","","backend\src\service-orders\service-order.entity.ts"
"service_orders","ServiceOrder","targetLng","target_lng","Column","double precision","","backend\src\service-orders\service-order.entity.ts"
"service_orders","ServiceOrder","targetMgrs","target_mgrs","Column","varchar","true","backend\src\service-orders\service-order.entity.ts"
"service_orders","ServiceOrder","targetSettlement","target_settlement","Column","varchar","true","backend\src\service-orders\service-order.entity.ts"
"service_orders","ServiceOrder","taskType","task_type","Column","","","backend\src\service-orders\service-order.entity.ts"
"service_orders","ServiceOrder","updatedAt","updated_at","UpdateDateColumn","","","backend\src\service-orders\service-order.entity.ts"
"shell_compatible_charges","ShellCompatibleCharge","chargeId","charge_id","Column","uuid","","backend\src\shell-compatible-charges\shell-compatible-charge.entity.ts"
"shell_compatible_charges","ShellCompatibleCharge","compatibilityNote","compatibility_note","Column","text","true","backend\src\shell-compatible-charges\shell-compatible-charge.entity.ts"
"shell_compatible_charges","ShellCompatibleCharge","createdAt","created_at","CreateDateColumn","","","backend\src\shell-compatible-charges\shell-compatible-charge.entity.ts"
"shell_compatible_charges","ShellCompatibleCharge","id","id","PrimaryGeneratedColumn","uuid","","backend\src\shell-compatible-charges\shell-compatible-charge.entity.ts"
"shell_compatible_charges","ShellCompatibleCharge","maxRangeM","max_range_m","Column","int","","backend\src\shell-compatible-charges\shell-compatible-charge.entity.ts"
"shell_compatible_charges","ShellCompatibleCharge","shellId","shell_id","Column","uuid","","backend\src\shell-compatible-charges\shell-compatible-charge.entity.ts"
"shell_compatible_charges","ShellCompatibleCharge","usableModules","usable_modules","Column","int","true","backend\src\shell-compatible-charges\shell-compatible-charge.entity.ts"
"shell_compatible_charges","ShellCompatibleCharge","zoneId","zone_id","Column","uuid","true","backend\src\shell-compatible-charges\shell-compatible-charge.entity.ts"
"shell_compatible_fuzes","ShellCompatibleFuze","createdAt","created_at","CreateDateColumn","","","backend\src\shell-compatible-fuzes\shell-compatible-fuze.entity.ts"
"shell_compatible_fuzes","ShellCompatibleFuze","fuzeId","fuze_id","Column","uuid","","backend\src\shell-compatible-fuzes\shell-compatible-fuze.entity.ts"
"shell_compatible_fuzes","ShellCompatibleFuze","id","id","PrimaryGeneratedColumn","uuid","","backend\src\shell-compatible-fuzes\shell-compatible-fuze.entity.ts"
"shell_compatible_fuzes","ShellCompatibleFuze","shellId","shell_id","Column","uuid","","backend\src\shell-compatible-fuzes\shell-compatible-fuze.entity.ts"
"shells","Shell","createdAt","created_at","CreateDateColumn","","","backend\src\shells\shell.entity.ts"
"shells","Shell","damageType","damage_type","Column","","","backend\src\shells\shell.entity.ts"
"shells","Shell","id","id","PrimaryGeneratedColumn","uuid","","backend\src\shells\shell.entity.ts"
"shells","Shell","marking","marking","Column","","","backend\src\shells\shell.entity.ts"
"shells","Shell","systemType","system_type","Column","","","backend\src\shells\shell.entity.ts"
"shells","Shell","updatedAt","updated_at","UpdateDateColumn","","","backend\src\shells\shell.entity.ts"
"stock_movements","StockMovement","comment","comment","Column","text","true","backend\src\stock-movements\stock-movement.entity.ts"
"stock_movements","StockMovement","documentNumber","document_number","Column","varchar","true","backend\src\stock-movements\stock-movement.entity.ts"
"stock_movements","StockMovement","fireMissionId","fire_mission_id","Column","uuid","true","backend\src\stock-movements\stock-movement.entity.ts"
"stock_movements","StockMovement","fromDepotId","from_depot_id","Column","uuid","true","backend\src\stock-movements\stock-movement.entity.ts"
"stock_movements","StockMovement","id","id","PrimaryGeneratedColumn","uuid","","backend\src\stock-movements\stock-movement.entity.ts"
"stock_movements","StockMovement","itemId","item_id","Column","uuid","","backend\src\stock-movements\stock-movement.entity.ts"
"stock_movements","StockMovement","itemType","item_type","Column","varchar","","backend\src\stock-movements\stock-movement.entity.ts"
"stock_movements","StockMovement","movementDatetime","movement_datetime","CreateDateColumn","","","backend\src\stock-movements\stock-movement.entity.ts"
"stock_movements","StockMovement","movementGroupId","movement_group_id","Column","uuid","true","backend\src\stock-movements\stock-movement.entity.ts"
"stock_movements","StockMovement","movementType","movement_type","Column","varchar","","backend\src\stock-movements\stock-movement.entity.ts"
"stock_movements","StockMovement","quantity","quantity","Column","numeric","","backend\src\stock-movements\stock-movement.entity.ts"
"stock_movements","StockMovement","toDepotId","to_depot_id","Column","uuid","true","backend\src\stock-movements\stock-movement.entity.ts"
"units","Unit","createdAt","created_at","CreateDateColumn","","","backend\src\units\unit.entity.ts"
"units","Unit","id","id","PrimaryGeneratedColumn","uuid","","backend\src\units\unit.entity.ts"
"units","Unit","name","name","Column","","","backend\src\units\unit.entity.ts"
"units","Unit","parentId","parent_id","Column","uuid","true","backend\src\units\unit.entity.ts"
"units","Unit","sortOrder","sort_order","Column","int","","backend\src\units\unit.entity.ts"
"units","Unit","type","type","Column","","","backend\src\units\unit.entity.ts"
"units","Unit","updatedAt","updated_at","UpdateDateColumn","","","backend\src\units\unit.entity.ts"
"users","User","createdAt","created_at","CreateDateColumn","","","backend\src\users\user.entity.ts"
"users","User","fullName","full_name","Column","varchar","true","backend\src\users\user.entity.ts"
"users","User","id","id","PrimaryGeneratedColumn","uuid","","backend\src\users\user.entity.ts"
"users","User","isActive","is_active","Column","boolean","","backend\src\users\user.entity.ts"
"users","User","login","login","Column","","","backend\src\users\user.entity.ts"
"users","User","passwordHash","password_hash","Column","text","","backend\src\users\user.entity.ts"
"users","User","role","role","Column","varchar","","backend\src\users\user.entity.ts"
"users","User","scope","scope","Column","varchar","","backend\src\users\user.entity.ts"
"users","User","unitId","unit_id","Column","uuid","true","backend\src\users\user.entity.ts"
"users","User","updatedAt","updated_at","UpdateDateColumn","","","backend\src\users\user.entity.ts"
"weapon_models","WeaponModel","createdAt","created_at","CreateDateColumn","","","backend\src\weapon-models\weapon-model.entity.ts"
"weapon_models","WeaponModel","id","id","PrimaryGeneratedColumn","uuid","","backend\src\weapon-models\weapon-model.entity.ts"
"weapon_models","WeaponModel","name","name","Column","","","backend\src\weapon-models\weapon-model.entity.ts"
"weapon_models","WeaponModel","systemType","system_type","Column","","","backend\src\weapon-models\weapon-model.entity.ts"
"weapon_models","WeaponModel","zonesCount","zones_count","Column","int","","backend\src\weapon-models\weapon-model.entity.ts"
"weapon_systems","WeaponSystem","callsign","callsign","Column","varchar","true","backend\src\weapon-systems\weapon-system.entity.ts"
"weapon_systems","WeaponSystem","createdAt","created_at","CreateDateColumn","","","backend\src\weapon-systems\weapon-system.entity.ts"
"weapon_systems","WeaponSystem","firePositionId","fire_position_id","Column","uuid","true","backend\src\weapon-systems\weapon-system.entity.ts"
"weapon_systems","WeaponSystem","id","id","PrimaryGeneratedColumn","uuid","","backend\src\weapon-systems\weapon-system.entity.ts"
"weapon_systems","WeaponSystem","locationType","location_type","Column","varchar","","backend\src\weapon-systems\weapon-system.entity.ts"
"weapon_systems","WeaponSystem","maintenanceActualEndAt","maintenance_actual_end_at","Column","timestamp","true","backend\src\weapon-systems\weapon-system.entity.ts"
"weapon_systems","WeaponSystem","maintenanceApprovedByUserId","maintenance_approved_by_user_id","Column","uuid","true","backend\src\weapon-systems\weapon-system.entity.ts"
"weapon_systems","WeaponSystem","maintenanceNote","maintenance_note","Column","text","true","backend\src\weapon-systems\weapon-system.entity.ts"
"weapon_systems","WeaponSystem","maintenancePlannedEndAt","maintenance_planned_end_at","Column","timestamp","true","backend\src\weapon-systems\weapon-system.entity.ts"
"weapon_systems","WeaponSystem","maintenanceRequestedByUserId","maintenance_requested_by_user_id","Column","uuid","true","backend\src\weapon-systems\weapon-system.entity.ts"
"weapon_systems","WeaponSystem","maintenanceRequestedStartAt","maintenance_requested_start_at","Column","timestamp","true","backend\src\weapon-systems\weapon-system.entity.ts"
"weapon_systems","WeaponSystem","maintenanceStatus","maintenance_status","Column","varchar","true","backend\src\weapon-systems\weapon-system.entity.ts"
"weapon_systems","WeaponSystem","notReadyReason","not_ready_reason","Column","text","true","backend\src\weapon-systems\weapon-system.entity.ts"
"weapon_systems","WeaponSystem","readinessStatus","readiness_status","Column","varchar","","backend\src\weapon-systems\weapon-system.entity.ts"
"weapon_systems","WeaponSystem","serialNumber","serial_number","Column","varchar","true","backend\src\weapon-systems\weapon-system.entity.ts"
"weapon_systems","WeaponSystem","unitId","unit_id","Column","uuid","true","backend\src\weapon-systems\weapon-system.entity.ts"
"weapon_systems","WeaponSystem","updatedAt","updated_at","UpdateDateColumn","","","backend\src\weapon-systems\weapon-system.entity.ts"
"weapon_systems","WeaponSystem","weaponModelId","weapon_model_id","Column","uuid","","backend\src\weapon-systems\weapon-system.entity.ts"
"zones","Zone","createdAt","created_at","CreateDateColumn","","","backend\src\zones\zone.entity.ts"
"zones","Zone","distanceFromM","distance_from_m","Column","int","","backend\src\zones\zone.entity.ts"
"zones","Zone","distanceToM","distance_to_m","Column","int","","backend\src\zones\zone.entity.ts"
"zones","Zone","id","id","PrimaryGeneratedColumn","uuid","","backend\src\zones\zone.entity.ts"
"zones","Zone","weaponModelId","weapon_model_id","Column","uuid","","backend\src\zones\zone.entity.ts"
"zones","Zone","zoneNumber","zone_number","Column","int","","backend\src\zones\zone.entity.ts"
