table_name,constraint_name,constraint_type,column_name,referenced_table,referenced_column
air_asset_calculations,2200_66727_13_not_null,CHECK,,,
air_asset_calculations,2200_66727_14_not_null,CHECK,,,
air_asset_calculations,2200_66727_1_not_null,CHECK,,,
air_asset_calculations,2200_66727_2_not_null,CHECK,,,
air_asset_calculations,2200_66727_4_not_null,CHECK,,,
air_asset_calculations,2200_66727_6_not_null,CHECK,,,
air_asset_calculations,air_asset_calculations_unit_id_fkey,FOREIGN KEY,unit_id,units,id
air_asset_calculations,air_asset_calculations_pkey,PRIMARY KEY,id,air_asset_calculations,id
air_asset_drone_stock,2200_66974_1_not_null,CHECK,,,
air_asset_drone_stock,2200_66974_2_not_null,CHECK,,,
air_asset_drone_stock,2200_66974_3_not_null,CHECK,,,
air_asset_drone_stock,2200_66974_4_not_null,CHECK,,,
air_asset_drone_stock,air_asset_drone_stock_air_asset_position_id_fkey,FOREIGN KEY,air_asset_position_id,air_asset_positions,id
air_asset_drone_stock,air_asset_drone_stock_drone_model_id_fkey,FOREIGN KEY,drone_model_id,drone_models,id
air_asset_drone_stock,air_asset_drone_stock_pkey,PRIMARY KEY,id,air_asset_drone_stock,id
air_asset_drone_stock,uq_air_asset_drone_stock,UNIQUE,drone_model_id,air_asset_drone_stock,drone_model_id
air_asset_drone_stock,uq_air_asset_drone_stock,UNIQUE,drone_model_id,air_asset_drone_stock,air_asset_position_id
air_asset_drone_stock,uq_air_asset_drone_stock,UNIQUE,air_asset_position_id,air_asset_drone_stock,drone_model_id
air_asset_drone_stock,uq_air_asset_drone_stock,UNIQUE,air_asset_position_id,air_asset_drone_stock,air_asset_position_id
air_asset_positions,2200_66779_11_not_null,CHECK,,,
air_asset_positions,2200_66779_16_not_null,CHECK,,,
air_asset_positions,2200_66779_1_not_null,CHECK,,,
air_asset_positions,2200_66779_27_not_null,CHECK,,,
air_asset_positions,2200_66779_28_not_null,CHECK,,,
air_asset_positions,2200_66779_2_not_null,CHECK,,,
air_asset_positions,2200_66779_3_not_null,CHECK,,,
air_asset_positions,2200_66779_4_not_null,CHECK,,,
air_asset_positions,2200_66779_5_not_null,CHECK,,,
air_asset_positions,2200_66779_8_not_null,CHECK,,,
air_asset_positions,2200_66779_9_not_null,CHECK,,,
air_asset_positions,chk_air_asset_combat_type,CHECK,,air_asset_positions,combat_type
air_asset_positions,chk_air_asset_group,CHECK,,air_asset_positions,asset_group
air_asset_positions,chk_air_asset_recon_type,CHECK,,air_asset_positions,recon_type
air_asset_positions,air_asset_positions_unit_id_fkey,FOREIGN KEY,unit_id,units,id
air_asset_positions,air_asset_positions_pkey,PRIMARY KEY,id,air_asset_positions,id
air_asset_task_points,2200_67141_1_not_null,CHECK,,,
air_asset_task_points,2200_67141_2_not_null,CHECK,,,
air_asset_task_points,2200_67141_3_not_null,CHECK,,,
air_asset_task_points,2200_67141_4_not_null,CHECK,,,
air_asset_task_points,2200_67141_5_not_null,CHECK,,,
air_asset_task_points,air_asset_task_points_task_id_fkey,FOREIGN KEY,task_id,air_asset_tasks,id
air_asset_task_points,air_asset_task_points_pkey,PRIMARY KEY,id,air_asset_task_points,id
air_asset_tasks,2200_67110_11_not_null,CHECK,,,
air_asset_tasks,2200_67110_13_not_null,CHECK,,,
air_asset_tasks,2200_67110_14_not_null,CHECK,,,
air_asset_tasks,2200_67110_1_not_null,CHECK,,,
air_asset_tasks,2200_67110_2_not_null,CHECK,,,
air_asset_tasks,2200_67110_3_not_null,CHECK,,,
air_asset_tasks,2200_67110_4_not_null,CHECK,,,
air_asset_tasks,2200_67110_5_not_null,CHECK,,,
air_asset_tasks,2200_67110_8_not_null,CHECK,,,
air_asset_tasks,air_asset_tasks_air_asset_position_id_fkey,FOREIGN KEY,air_asset_position_id,air_asset_positions,id
air_asset_tasks,air_asset_tasks_drone_model_id_fkey,FOREIGN KEY,drone_model_id,drone_models,id
air_asset_tasks,air_asset_tasks_unit_id_fkey,FOREIGN KEY,unit_id,units,id
air_asset_tasks,air_asset_tasks_warhead_type_id_fkey,FOREIGN KEY,warhead_type_id,drone_warhead_types,id
air_asset_tasks,air_asset_tasks_pkey,PRIMARY KEY,id,air_asset_tasks,id
air_asset_warhead_stock,2200_66995_1_not_null,CHECK,,,
air_asset_warhead_stock,2200_66995_2_not_null,CHECK,,,
air_asset_warhead_stock,2200_66995_3_not_null,CHECK,,,
air_asset_warhead_stock,2200_66995_4_not_null,CHECK,,,
air_asset_warhead_stock,air_asset_warhead_stock_air_asset_position_id_fkey,FOREIGN KEY,air_asset_position_id,air_asset_positions,id
air_asset_warhead_stock,air_asset_warhead_stock_warhead_type_id_fkey,FOREIGN KEY,warhead_type_id,drone_warhead_types,id
air_asset_warhead_stock,air_asset_warhead_stock_pkey,PRIMARY KEY,id,air_asset_warhead_stock,id
air_asset_warhead_stock,uq_air_asset_warhead_stock,UNIQUE,warhead_type_id,air_asset_warhead_stock,warhead_type_id
air_asset_warhead_stock,uq_air_asset_warhead_stock,UNIQUE,air_asset_position_id,air_asset_warhead_stock,air_asset_position_id
air_asset_warhead_stock,uq_air_asset_warhead_stock,UNIQUE,air_asset_position_id,air_asset_warhead_stock,warhead_type_id
air_asset_warhead_stock,uq_air_asset_warhead_stock,UNIQUE,warhead_type_id,air_asset_warhead_stock,air_asset_position_id
air_recon_area_points,2200_66820_1_not_null,CHECK,,,
air_recon_area_points,2200_66820_2_not_null,CHECK,,,
air_recon_area_points,2200_66820_3_not_null,CHECK,,,
air_recon_area_points,2200_66820_4_not_null,CHECK,,,
air_recon_area_points,2200_66820_5_not_null,CHECK,,,
air_recon_area_points,2200_66820_6_not_null,CHECK,,,
air_recon_area_points,air_recon_area_points_area_id_fkey,FOREIGN KEY,area_id,air_recon_areas,id
air_recon_area_points,air_recon_area_points_pkey,PRIMARY KEY,id,air_recon_area_points,id
air_recon_area_points,air_recon_area_points_area_id_point_order_key,UNIQUE,point_order,air_recon_area_points,area_id
air_recon_area_points,air_recon_area_points_area_id_point_order_key,UNIQUE,point_order,air_recon_area_points,point_order
air_recon_area_points,air_recon_area_points_area_id_point_order_key,UNIQUE,area_id,air_recon_area_points,point_order
air_recon_area_points,air_recon_area_points_area_id_point_order_key,UNIQUE,area_id,air_recon_area_points,area_id
air_recon_areas,2200_66802_10_not_null,CHECK,,,
air_recon_areas,2200_66802_1_not_null,CHECK,,,
air_recon_areas,2200_66802_2_not_null,CHECK,,,
air_recon_areas,2200_66802_4_not_null,CHECK,,,
air_recon_areas,2200_66802_6_not_null,CHECK,,,
air_recon_areas,2200_66802_7_not_null,CHECK,,,
air_recon_areas,air_recon_areas_air_asset_position_id_fkey,FOREIGN KEY,air_asset_position_id,air_asset_positions,id
air_recon_areas,air_recon_areas_pkey,PRIMARY KEY,id,air_recon_areas,id
air_threats,2200_25784_1_not_null,CHECK,,,
air_threats,2200_25784_2_not_null,CHECK,,,
air_threats,2200_25784_3_not_null,CHECK,,,
air_threats,2200_25784_4_not_null,CHECK,,,
air_threats,air_threats_pkey,PRIMARY KEY,id,air_threats,id
app_settings,2200_25776_1_not_null,CHECK,,,
app_settings,2200_25776_2_not_null,CHECK,,,
app_settings,app_settings_pkey,PRIMARY KEY,key,app_settings,key
charge_configurations,2200_58539_1_not_null,CHECK,,,
charge_configurations,2200_58539_2_not_null,CHECK,,,
charge_configurations,2200_58539_4_not_null,CHECK,,,
charge_configurations,2200_58539_5_not_null,CHECK,,,
charge_configurations,charge_configurations_charge_id_fkey,FOREIGN KEY,charge_id,charges,id
charge_configurations,charge_configurations_zone_id_fkey,FOREIGN KEY,zone_id,zones,id
charge_configurations,charge_configurations_pkey,PRIMARY KEY,id,charge_configurations,id
charge_configurations,charge_configurations_charge_id_zone_id_label_key,UNIQUE,zone_id,charge_configurations,charge_id
charge_configurations,charge_configurations_charge_id_zone_id_label_key,UNIQUE,label,charge_configurations,label
charge_configurations,charge_configurations_charge_id_zone_id_label_key,UNIQUE,label,charge_configurations,zone_id
charge_configurations,charge_configurations_charge_id_zone_id_label_key,UNIQUE,charge_id,charge_configurations,charge_id
charge_configurations,charge_configurations_charge_id_zone_id_label_key,UNIQUE,charge_id,charge_configurations,label
charge_configurations,charge_configurations_charge_id_zone_id_label_key,UNIQUE,charge_id,charge_configurations,zone_id
charge_configurations,charge_configurations_charge_id_zone_id_label_key,UNIQUE,zone_id,charge_configurations,label
charge_configurations,charge_configurations_charge_id_zone_id_label_key,UNIQUE,zone_id,charge_configurations,zone_id
charge_configurations,charge_configurations_charge_id_zone_id_label_key,UNIQUE,label,charge_configurations,charge_id
charges,2200_17625_1_not_null,CHECK,,,
charges,2200_17625_2_not_null,CHECK,,,
charges,2200_17625_3_not_null,CHECK,,,
charges,2200_17625_7_not_null,CHECK,,,
charges,charges_charge_kind_check,CHECK,,charges,charge_kind
charges,charges_modular_modules_check,CHECK,,charges,charge_kind
charges,charges_modular_modules_check,CHECK,,charges,max_usable_modules
charges,charges_modular_modules_check,CHECK,,charges,modules_per_charge
charges,charges_pkey,PRIMARY KEY,id,charges,id
charges,charges_marking_key,UNIQUE,marking,charges,marking
depot_charge_stock,2200_17796_1_not_null,CHECK,,,
depot_charge_stock,2200_17796_2_not_null,CHECK,,,
depot_charge_stock,2200_17796_3_not_null,CHECK,,,
depot_charge_stock,2200_17796_4_not_null,CHECK,,,
depot_charge_stock,depot_charge_stock_charge_id_fkey,FOREIGN KEY,charge_id,charges,id
depot_charge_stock,depot_charge_stock_depot_id_fkey,FOREIGN KEY,depot_id,depots,id
depot_charge_stock,depot_charge_stock_pkey,PRIMARY KEY,id,depot_charge_stock,id
depot_charge_stock,depot_charge_stock_depot_id_charge_id_key,UNIQUE,charge_id,depot_charge_stock,depot_id
depot_charge_stock,depot_charge_stock_depot_id_charge_id_key,UNIQUE,charge_id,depot_charge_stock,charge_id
depot_charge_stock,depot_charge_stock_depot_id_charge_id_key,UNIQUE,depot_id,depot_charge_stock,depot_id
depot_charge_stock,depot_charge_stock_depot_id_charge_id_key,UNIQUE,depot_id,depot_charge_stock,charge_id
depot_drone_stock,2200_66857_1_not_null,CHECK,,,
depot_drone_stock,2200_66857_2_not_null,CHECK,,,
depot_drone_stock,2200_66857_3_not_null,CHECK,,,
depot_drone_stock,2200_66857_4_not_null,CHECK,,,
depot_drone_stock,2200_66857_5_not_null,CHECK,,,
depot_drone_stock,2200_66857_6_not_null,CHECK,,,
depot_drone_stock,depot_drone_stock_depot_id_fkey,FOREIGN KEY,depot_id,depots,id
depot_drone_stock,depot_drone_stock_drone_model_id_fkey,FOREIGN KEY,drone_model_id,drone_models,id
depot_drone_stock,depot_drone_stock_pkey,PRIMARY KEY,id,depot_drone_stock,id
depot_drone_stock,depot_drone_stock_depot_id_drone_model_id_key,UNIQUE,depot_id,depot_drone_stock,depot_id
depot_drone_stock,depot_drone_stock_depot_id_drone_model_id_key,UNIQUE,drone_model_id,depot_drone_stock,drone_model_id
depot_drone_stock,depot_drone_stock_depot_id_drone_model_id_key,UNIQUE,drone_model_id,depot_drone_stock,depot_id
depot_drone_stock,depot_drone_stock_depot_id_drone_model_id_key,UNIQUE,depot_id,depot_drone_stock,drone_model_id
depot_drone_warhead_stock,2200_66876_1_not_null,CHECK,,,
depot_drone_warhead_stock,2200_66876_2_not_null,CHECK,,,
depot_drone_warhead_stock,2200_66876_3_not_null,CHECK,,,
depot_drone_warhead_stock,2200_66876_4_not_null,CHECK,,,
depot_drone_warhead_stock,2200_66876_5_not_null,CHECK,,,
depot_drone_warhead_stock,2200_66876_6_not_null,CHECK,,,
depot_drone_warhead_stock,depot_drone_warhead_stock_depot_id_fkey,FOREIGN KEY,depot_id,depots,id
depot_drone_warhead_stock,depot_drone_warhead_stock_warhead_type_id_fkey,FOREIGN KEY,warhead_type_id,drone_warhead_types,id
depot_drone_warhead_stock,depot_drone_warhead_stock_pkey,PRIMARY KEY,id,depot_drone_warhead_stock,id
depot_drone_warhead_stock,depot_drone_warhead_stock_depot_id_warhead_type_id_key,UNIQUE,depot_id,depot_drone_warhead_stock,warhead_type_id
depot_drone_warhead_stock,depot_drone_warhead_stock_depot_id_warhead_type_id_key,UNIQUE,warhead_type_id,depot_drone_warhead_stock,warhead_type_id
depot_drone_warhead_stock,depot_drone_warhead_stock_depot_id_warhead_type_id_key,UNIQUE,depot_id,depot_drone_warhead_stock,depot_id
depot_drone_warhead_stock,depot_drone_warhead_stock_depot_id_warhead_type_id_key,UNIQUE,warhead_type_id,depot_drone_warhead_stock,depot_id
depot_fuze_stock,2200_17815_1_not_null,CHECK,,,
depot_fuze_stock,2200_17815_2_not_null,CHECK,,,
depot_fuze_stock,2200_17815_3_not_null,CHECK,,,
depot_fuze_stock,2200_17815_4_not_null,CHECK,,,
depot_fuze_stock,depot_fuze_stock_depot_id_fkey,FOREIGN KEY,depot_id,depots,id
depot_fuze_stock,depot_fuze_stock_fuze_id_fkey,FOREIGN KEY,fuze_id,fuzes,id
depot_fuze_stock,depot_fuze_stock_pkey,PRIMARY KEY,id,depot_fuze_stock,id
depot_fuze_stock,depot_fuze_stock_depot_id_fuze_id_key,UNIQUE,depot_id,depot_fuze_stock,depot_id
depot_fuze_stock,depot_fuze_stock_depot_id_fuze_id_key,UNIQUE,fuze_id,depot_fuze_stock,fuze_id
depot_fuze_stock,depot_fuze_stock_depot_id_fuze_id_key,UNIQUE,fuze_id,depot_fuze_stock,depot_id
depot_fuze_stock,depot_fuze_stock_depot_id_fuze_id_key,UNIQUE,depot_id,depot_fuze_stock,fuze_id
depot_primer_stock,2200_17834_1_not_null,CHECK,,,
depot_primer_stock,2200_17834_2_not_null,CHECK,,,
depot_primer_stock,2200_17834_3_not_null,CHECK,,,
depot_primer_stock,2200_17834_4_not_null,CHECK,,,
depot_primer_stock,depot_primer_stock_depot_id_fkey,FOREIGN KEY,depot_id,depots,id
depot_primer_stock,depot_primer_stock_primer_id_fkey,FOREIGN KEY,primer_id,primers,id
depot_primer_stock,depot_primer_stock_pkey,PRIMARY KEY,id,depot_primer_stock,id
depot_primer_stock,depot_primer_stock_depot_id_primer_id_key,UNIQUE,depot_id,depot_primer_stock,depot_id
depot_primer_stock,depot_primer_stock_depot_id_primer_id_key,UNIQUE,primer_id,depot_primer_stock,primer_id
depot_primer_stock,depot_primer_stock_depot_id_primer_id_key,UNIQUE,primer_id,depot_primer_stock,depot_id
depot_primer_stock,depot_primer_stock_depot_id_primer_id_key,UNIQUE,depot_id,depot_primer_stock,primer_id
depot_shell_stock,2200_17777_1_not_null,CHECK,,,
depot_shell_stock,2200_17777_2_not_null,CHECK,,,
depot_shell_stock,2200_17777_3_not_null,CHECK,,,
depot_shell_stock,2200_17777_4_not_null,CHECK,,,
depot_shell_stock,depot_shell_stock_depot_id_fkey,FOREIGN KEY,depot_id,depots,id
depot_shell_stock,depot_shell_stock_shell_id_fkey,FOREIGN KEY,shell_id,shells,id
depot_shell_stock,depot_shell_stock_pkey,PRIMARY KEY,id,depot_shell_stock,id
depot_shell_stock,depot_shell_stock_depot_id_shell_id_key,UNIQUE,shell_id,depot_shell_stock,shell_id
depot_shell_stock,depot_shell_stock_depot_id_shell_id_key,UNIQUE,depot_id,depot_shell_stock,depot_id
depot_shell_stock,depot_shell_stock_depot_id_shell_id_key,UNIQUE,depot_id,depot_shell_stock,shell_id
depot_shell_stock,depot_shell_stock_depot_id_shell_id_key,UNIQUE,shell_id,depot_shell_stock,depot_id
depots,2200_17759_1_not_null,CHECK,,,
depots,2200_17759_2_not_null,CHECK,,,
depots,2200_17759_3_not_null,CHECK,,,
depots,depots_parent_id_fkey,FOREIGN KEY,parent_id,depots,id
depots,depots_unit_id_fkey,FOREIGN KEY,unit_id,units,id
depots,depots_pkey,PRIMARY KEY,id,depots,id
drone_models,2200_66835_1_not_null,CHECK,,,
drone_models,2200_66835_2_not_null,CHECK,,,
drone_models,2200_66835_3_not_null,CHECK,,,
drone_models,2200_66835_4_not_null,CHECK,,,
drone_models,2200_66835_5_not_null,CHECK,,,
drone_models,2200_66835_6_not_null,CHECK,,,
drone_models,2200_66835_7_not_null,CHECK,,,
drone_models,drone_models_pkey,PRIMARY KEY,id,drone_models,id
drone_models,drone_models_name_drone_type_key,UNIQUE,drone_type,drone_models,drone_type
drone_models,drone_models_name_drone_type_key,UNIQUE,name,drone_models,drone_type
drone_models,drone_models_name_drone_type_key,UNIQUE,name,drone_models,name
drone_models,drone_models_name_drone_type_key,UNIQUE,drone_type,drone_models,name
drone_stock_movements,2200_66933_10_not_null,CHECK,,,
drone_stock_movements,2200_66933_11_not_null,CHECK,,,
drone_stock_movements,2200_66933_18_not_null,CHECK,,,
drone_stock_movements,2200_66933_1_not_null,CHECK,,,
drone_stock_movements,2200_66933_2_not_null,CHECK,,,
drone_stock_movements,2200_66933_3_not_null,CHECK,,,
drone_stock_movements,chk_drone_stock_item_type,CHECK,,drone_stock_movements,item_type
drone_stock_movements,chk_drone_stock_quantity,CHECK,,drone_stock_movements,quantity
drone_stock_movements,drone_stock_movements_drone_model_id_fkey,FOREIGN KEY,drone_model_id,drone_models,id
drone_stock_movements,drone_stock_movements_from_air_asset_position_id_fkey,FOREIGN KEY,from_air_asset_position_id,air_asset_positions,id
drone_stock_movements,drone_stock_movements_from_depot_id_fkey,FOREIGN KEY,from_depot_id,depots,id
drone_stock_movements,drone_stock_movements_to_air_asset_position_id_fkey,FOREIGN KEY,to_air_asset_position_id,air_asset_positions,id
drone_stock_movements,drone_stock_movements_to_depot_id_fkey,FOREIGN KEY,to_depot_id,depots,id
drone_stock_movements,drone_stock_movements_warhead_type_id_fkey,FOREIGN KEY,warhead_type_id,drone_warhead_types,id
drone_stock_movements,drone_stock_movements_pkey,PRIMARY KEY,id,drone_stock_movements,id
drone_warhead_types,2200_66845_1_not_null,CHECK,,,
drone_warhead_types,2200_66845_2_not_null,CHECK,,,
drone_warhead_types,2200_66845_5_not_null,CHECK,,,
drone_warhead_types,2200_66845_6_not_null,CHECK,,,
drone_warhead_types,2200_66845_7_not_null,CHECK,,,
drone_warhead_types,drone_warhead_types_pkey,PRIMARY KEY,id,drone_warhead_types,id
drone_warhead_types,drone_warhead_types_name_key,UNIQUE,name,drone_warhead_types,name
event_logs,2200_50338_14_not_null,CHECK,,,
event_logs,2200_50338_17_not_null,CHECK,,,
event_logs,2200_50338_1_not_null,CHECK,,,
event_logs,2200_50338_2_not_null,CHECK,,,
event_logs,2200_50338_3_not_null,CHECK,,,
event_logs,fk_event_logs_actor,FOREIGN KEY,actor_user_id,users,id
event_logs,fk_event_logs_unit,FOREIGN KEY,unit_id,units,id
event_logs,event_logs_pkey,PRIMARY KEY,id,event_logs,id
ew_frequency_ranges,2200_66765_1_not_null,CHECK,,,
ew_frequency_ranges,2200_66765_2_not_null,CHECK,,,
ew_frequency_ranges,2200_66765_4_not_null,CHECK,,,
ew_frequency_ranges,2200_66765_5_not_null,CHECK,,,
ew_frequency_ranges,2200_66765_6_not_null,CHECK,,,
ew_frequency_ranges,chk_ew_frequency_range,CHECK,,ew_frequency_ranges,frequency_to_mhz
ew_frequency_ranges,chk_ew_frequency_range,CHECK,,ew_frequency_ranges,frequency_from_mhz
ew_frequency_ranges,ew_frequency_ranges_ew_position_id_fkey,FOREIGN KEY,ew_position_id,ew_positions,id
ew_frequency_ranges,ew_frequency_ranges_pkey,PRIMARY KEY,id,ew_frequency_ranges,id
ew_positions,2200_66746_19_not_null,CHECK,,,
ew_positions,2200_66746_1_not_null,CHECK,,,
ew_positions,2200_66746_23_not_null,CHECK,,,
ew_positions,2200_66746_24_not_null,CHECK,,,
ew_positions,2200_66746_2_not_null,CHECK,,,
ew_positions,2200_66746_3_not_null,CHECK,,,
ew_positions,2200_66746_4_not_null,CHECK,,,
ew_positions,2200_66746_5_not_null,CHECK,,,
ew_positions,2200_66746_6_not_null,CHECK,,,
ew_positions,2200_66746_7_not_null,CHECK,,,
ew_positions,2200_66746_9_not_null,CHECK,,,
ew_positions,ew_positions_unit_id_fkey,FOREIGN KEY,unit_id,units,id
ew_positions,ew_positions_pkey,PRIMARY KEY,id,ew_positions,id
fire_missions,2200_17873_1_not_null,CHECK,,,
fire_missions,2200_17873_5_not_null,CHECK,,,
fire_missions,fire_missions_author_unit_id_fkey,FOREIGN KEY,author_unit_id,units,id
fire_missions,fire_missions_author_user_id_fkey,FOREIGN KEY,author_user_id,users,id
fire_missions,fire_missions_charge_id_fkey,FOREIGN KEY,charge_id,charges,id
fire_missions,fire_missions_executing_unit_id_fkey,FOREIGN KEY,executing_unit_id,units,id
fire_missions,fire_missions_fire_position_id_fkey,FOREIGN KEY,fire_position_id,fire_positions,id
fire_missions,fire_missions_fuze_id_fkey,FOREIGN KEY,fuze_id,fuzes,id
fire_missions,fire_missions_primer_id_fkey,FOREIGN KEY,primer_id,primers,id
fire_missions,fire_missions_shell_id_fkey,FOREIGN KEY,shell_id,shells,id
fire_missions,fire_missions_weapon_system_id_fkey,FOREIGN KEY,weapon_system_id,weapon_systems,id
fire_missions,fire_missions_pkey,PRIMARY KEY,id,fire_missions,id
fire_position_weapons,2200_17538_1_not_null,CHECK,,,
fire_position_weapons,2200_17538_2_not_null,CHECK,,,
fire_position_weapons,2200_17538_3_not_null,CHECK,,,
fire_position_weapons,fire_position_weapons_fire_position_id_fkey,FOREIGN KEY,fire_position_id,fire_positions,id
fire_position_weapons,fire_position_weapons_weapon_system_id_fkey,FOREIGN KEY,weapon_system_id,weapon_systems,id
fire_position_weapons,fire_position_weapons_pkey,PRIMARY KEY,id,fire_position_weapons,id
fire_position_weapons,fire_position_weapons_fire_position_id_weapon_system_id_key,UNIQUE,weapon_system_id,fire_position_weapons,fire_position_id
fire_position_weapons,fire_position_weapons_fire_position_id_weapon_system_id_key,UNIQUE,fire_position_id,fire_position_weapons,fire_position_id
fire_position_weapons,fire_position_weapons_fire_position_id_weapon_system_id_key,UNIQUE,weapon_system_id,fire_position_weapons,weapon_system_id
fire_position_weapons,fire_position_weapons_fire_position_id_weapon_system_id_key,UNIQUE,fire_position_id,fire_position_weapons,weapon_system_id
fire_positions,2200_17483_1_not_null,CHECK,,,
fire_positions,2200_17483_2_not_null,CHECK,,,
fire_positions,2200_17483_38_not_null,CHECK,,,
fire_positions,2200_17483_4_not_null,CHECK,,,
fire_positions,2200_17483_5_not_null,CHECK,,,
fire_positions,fire_positions_ammo_depot_id_fkey,FOREIGN KEY,ammo_depot_id,depots,id
fire_positions,fire_positions_unit_id_fkey,FOREIGN KEY,unit_id,units,id
fire_positions,fire_positions_pkey,PRIMARY KEY,id,fire_positions,id
fuzes,2200_17636_1_not_null,CHECK,,,
fuzes,2200_17636_2_not_null,CHECK,,,
fuzes,fuzes_pkey,PRIMARY KEY,id,fuzes,id
fuzes,fuzes_marking_key,UNIQUE,marking,fuzes,marking
operator_shifts,2200_50361_10_not_null,CHECK,,,
operator_shifts,2200_50361_11_not_null,CHECK,,,
operator_shifts,2200_50361_1_not_null,CHECK,,,
operator_shifts,2200_50361_2_not_null,CHECK,,,
operator_shifts,2200_50361_3_not_null,CHECK,,,
operator_shifts,2200_50361_6_not_null,CHECK,,,
operator_shifts,2200_50361_8_not_null,CHECK,,,
operator_shifts,chk_operator_shift_end_after_start,CHECK,,operator_shifts,ended_at
operator_shifts,chk_operator_shift_end_after_start,CHECK,,operator_shifts,started_at
operator_shifts,chk_operator_shift_status,CHECK,,operator_shifts,status
operator_shifts,operator_shifts_operator_user_id_fkey,FOREIGN KEY,operator_user_id,users,id
operator_shifts,operator_shifts_unit_id_fkey,FOREIGN KEY,unit_id,units,id
operator_shifts,operator_shifts_pkey,PRIMARY KEY,id,operator_shifts,id
planned_route_points,2200_67036_1_not_null,CHECK,,,
planned_route_points,2200_67036_2_not_null,CHECK,,,
planned_route_points,2200_67036_3_not_null,CHECK,,,
planned_route_points,2200_67036_4_not_null,CHECK,,,
planned_route_points,2200_67036_5_not_null,CHECK,,,
planned_route_points,2200_67036_6_not_null,CHECK,,,
planned_route_points,2200_67036_7_not_null,CHECK,,,
planned_route_points,planned_route_points_route_id_fkey,FOREIGN KEY,route_id,planned_routes,id
planned_route_points,planned_route_points_pkey,PRIMARY KEY,id,planned_route_points,id
planned_routes,2200_67026_1_not_null,CHECK,,,
planned_routes,2200_67026_2_not_null,CHECK,,,
planned_routes,2200_67026_4_not_null,CHECK,,,
planned_routes,2200_67026_5_not_null,CHECK,,,
planned_routes,planned_routes_pkey,PRIMARY KEY,id,planned_routes,id
planned_vehicle_trip_checkpoints,2200_67063_1_not_null,CHECK,,,
planned_vehicle_trip_checkpoints,2200_67063_2_not_null,CHECK,,,
planned_vehicle_trip_checkpoints,2200_67063_4_not_null,CHECK,,,
planned_vehicle_trip_checkpoints,2200_67063_5_not_null,CHECK,,,
planned_vehicle_trip_checkpoints,2200_67063_6_not_null,CHECK,,,
planned_vehicle_trip_checkpoints,2200_67063_7_not_null,CHECK,,,
planned_vehicle_trip_checkpoints,2200_67063_8_not_null,CHECK,,,
planned_vehicle_trip_checkpoints,planned_vehicle_trip_checkpoints_trip_id_fkey,FOREIGN KEY,trip_id,planned_vehicle_trips,id
planned_vehicle_trip_checkpoints,planned_vehicle_trip_checkpoints_pkey,PRIMARY KEY,id,planned_vehicle_trip_checkpoints,id
planned_vehicle_trips,2200_67049_1_not_null,CHECK,,,
planned_vehicle_trips,2200_67049_2_not_null,CHECK,,,
planned_vehicle_trips,2200_67049_3_not_null,CHECK,,,
planned_vehicle_trips,2200_67049_6_not_null,CHECK,,,
planned_vehicle_trips,2200_67049_7_not_null,CHECK,,,
planned_vehicle_trips,2200_67049_8_not_null,CHECK,,,
planned_vehicle_trips,planned_vehicle_trips_route_id_fkey,FOREIGN KEY,route_id,planned_routes,id
planned_vehicle_trips,planned_vehicle_trips_pkey,PRIMARY KEY,id,planned_vehicle_trips,id
position_drone_stock,2200_66895_1_not_null,CHECK,,,
position_drone_stock,2200_66895_2_not_null,CHECK,,,
position_drone_stock,2200_66895_3_not_null,CHECK,,,
position_drone_stock,2200_66895_4_not_null,CHECK,,,
position_drone_stock,position_drone_stock_air_asset_position_id_fkey,FOREIGN KEY,air_asset_position_id,air_asset_positions,id
position_drone_stock,position_drone_stock_drone_model_id_fkey,FOREIGN KEY,drone_model_id,drone_models,id
position_drone_stock,position_drone_stock_pkey,PRIMARY KEY,id,position_drone_stock,id
position_drone_stock,position_drone_stock_air_asset_position_id_drone_model_id_key,UNIQUE,air_asset_position_id,position_drone_stock,air_asset_position_id
position_drone_stock,position_drone_stock_air_asset_position_id_drone_model_id_key,UNIQUE,air_asset_position_id,position_drone_stock,drone_model_id
position_drone_stock,position_drone_stock_air_asset_position_id_drone_model_id_key,UNIQUE,drone_model_id,position_drone_stock,air_asset_position_id
position_drone_stock,position_drone_stock_air_asset_position_id_drone_model_id_key,UNIQUE,drone_model_id,position_drone_stock,drone_model_id
position_drone_warhead_stock,2200_66914_1_not_null,CHECK,,,
position_drone_warhead_stock,2200_66914_2_not_null,CHECK,,,
position_drone_warhead_stock,2200_66914_3_not_null,CHECK,,,
position_drone_warhead_stock,2200_66914_4_not_null,CHECK,,,
position_drone_warhead_stock,position_drone_warhead_stock_air_asset_position_id_fkey,FOREIGN KEY,air_asset_position_id,air_asset_positions,id
position_drone_warhead_stock,position_drone_warhead_stock_warhead_type_id_fkey,FOREIGN KEY,warhead_type_id,drone_warhead_types,id
position_drone_warhead_stock,position_drone_warhead_stock_pkey,PRIMARY KEY,id,position_drone_warhead_stock,id
position_drone_warhead_stock,position_drone_warhead_stock_air_asset_position_id_warhead__key,UNIQUE,air_asset_position_id,position_drone_warhead_stock,air_asset_position_id
position_drone_warhead_stock,position_drone_warhead_stock_air_asset_position_id_warhead__key,UNIQUE,warhead_type_id,position_drone_warhead_stock,warhead_type_id
position_drone_warhead_stock,position_drone_warhead_stock_air_asset_position_id_warhead__key,UNIQUE,warhead_type_id,position_drone_warhead_stock,air_asset_position_id
position_drone_warhead_stock,position_drone_warhead_stock_air_asset_position_id_warhead__key,UNIQUE,air_asset_position_id,position_drone_warhead_stock,warhead_type_id
primers,2200_17646_1_not_null,CHECK,,,
primers,2200_17646_2_not_null,CHECK,,,
primers,primers_pkey,PRIMARY KEY,id,primers,id
primers,primers_marking_key,UNIQUE,marking,primers,marking
recon_areas,2200_84018_1_not_null,CHECK,,,
recon_areas,2200_84018_2_not_null,CHECK,,,
recon_areas,2200_84018_3_not_null,CHECK,,,
recon_areas,2200_84018_5_not_null,CHECK,,,
recon_areas,2200_84018_6_not_null,CHECK,,,
recon_areas,2200_84018_7_not_null,CHECK,,,
recon_areas,recon_areas_pkey,PRIMARY KEY,id,recon_areas,id
recon_assessments,2200_84138_1_not_null,CHECK,,,
recon_assessments,2200_84138_5_not_null,CHECK,,,
recon_assessments,2200_84138_6_not_null,CHECK,,,
recon_assessments,2200_84138_8_not_null,CHECK,,,
recon_assessments,2200_84138_9_not_null,CHECK,,,
recon_assessments,recon_assessments_target_id_fkey,FOREIGN KEY,target_id,recon_targets,id
recon_assessments,recon_assessments_pkey,PRIMARY KEY,id,recon_assessments,id
recon_correlations,2200_84110_10_not_null,CHECK,,,
recon_correlations,2200_84110_11_not_null,CHECK,,,
recon_correlations,2200_84110_1_not_null,CHECK,,,
recon_correlations,2200_84110_4_not_null,CHECK,,,
recon_correlations,2200_84110_5_not_null,CHECK,,,
recon_correlations,2200_84110_6_not_null,CHECK,,,
recon_correlations,2200_84110_7_not_null,CHECK,,,
recon_correlations,2200_84110_8_not_null,CHECK,,,
recon_correlations,2200_84110_9_not_null,CHECK,,,
recon_correlations,recon_correlations_impact_id_fkey,FOREIGN KEY,impact_id,recon_impact_observations,id
recon_correlations,recon_correlations_target_id_fkey,FOREIGN KEY,target_id,recon_targets,id
recon_correlations,recon_correlations_pkey,PRIMARY KEY,id,recon_correlations,id
recon_correlations,recon_correlations_target_id_impact_id_key,UNIQUE,impact_id,recon_correlations,target_id
recon_correlations,recon_correlations_target_id_impact_id_key,UNIQUE,target_id,recon_correlations,impact_id
recon_correlations,recon_correlations_target_id_impact_id_key,UNIQUE,target_id,recon_correlations,target_id
recon_correlations,recon_correlations_target_id_impact_id_key,UNIQUE,impact_id,recon_correlations,impact_id
recon_events,2200_84155_1_not_null,CHECK,,,
recon_events,2200_84155_2_not_null,CHECK,,,
recon_events,2200_84155_3_not_null,CHECK,,,
recon_events,2200_84155_5_not_null,CHECK,,,
recon_events,2200_84155_6_not_null,CHECK,,,
recon_events,recon_events_pkey,PRIMARY KEY,id,recon_events,id
recon_impact_observations,2200_84058_10_not_null,CHECK,,,
recon_impact_observations,2200_84058_11_not_null,CHECK,,,
recon_impact_observations,2200_84058_12_not_null,CHECK,,,
recon_impact_observations,2200_84058_14_not_null,CHECK,,,
recon_impact_observations,2200_84058_17_not_null,CHECK,,,
recon_impact_observations,2200_84058_1_not_null,CHECK,,,
recon_impact_observations,2200_84058_4_not_null,CHECK,,,
recon_impact_observations,2200_84058_5_not_null,CHECK,,,
recon_impact_observations,2200_84058_6_not_null,CHECK,,,
recon_impact_observations,2200_84058_7_not_null,CHECK,,,
recon_impact_observations,2200_84058_8_not_null,CHECK,,,
recon_impact_observations,2200_84058_9_not_null,CHECK,,,
recon_impact_observations,recon_impact_observations_pkey,PRIMARY KEY,id,recon_impact_observations,id
recon_import_batches,2200_84165_1_not_null,CHECK,,,
recon_import_batches,2200_84165_2_not_null,CHECK,,,
recon_import_batches,2200_84165_3_not_null,CHECK,,,
recon_import_batches,2200_84165_4_not_null,CHECK,,,
recon_import_batches,2200_84165_5_not_null,CHECK,,,
recon_import_batches,2200_84165_6_not_null,CHECK,,,
recon_import_batches,2200_84165_7_not_null,CHECK,,,
recon_import_batches,2200_84165_8_not_null,CHECK,,,
recon_import_batches,2200_84165_9_not_null,CHECK,,,
recon_import_batches,recon_import_batches_pkey,PRIMARY KEY,id,recon_import_batches,id
recon_import_errors,2200_84181_1_not_null,CHECK,,,
recon_import_errors,2200_84181_3_not_null,CHECK,,,
recon_import_errors,2200_84181_4_not_null,CHECK,,,
recon_import_errors,2200_84181_5_not_null,CHECK,,,
recon_import_errors,2200_84181_6_not_null,CHECK,,,
recon_import_errors,2200_84181_7_not_null,CHECK,,,
recon_import_errors,recon_import_errors_batch_id_fkey,FOREIGN KEY,batch_id,recon_import_batches,id
recon_import_errors,recon_import_errors_pkey,PRIMARY KEY,id,recon_import_errors,id
recon_intelligence_reports,2200_84029_1_not_null,CHECK,,,
recon_intelligence_reports,2200_84029_2_not_null,CHECK,,,
recon_intelligence_reports,2200_84029_3_not_null,CHECK,,,
recon_intelligence_reports,2200_84029_4_not_null,CHECK,,,
recon_intelligence_reports,2200_84029_5_not_null,CHECK,,,
recon_intelligence_reports,2200_84029_7_not_null,CHECK,,,
recon_intelligence_reports,2200_84029_8_not_null,CHECK,,,
recon_intelligence_reports,recon_intelligence_reports_pkey,PRIMARY KEY,id,recon_intelligence_reports,id
recon_observations,2200_84041_10_not_null,CHECK,,,
recon_observations,2200_84041_11_not_null,CHECK,,,
recon_observations,2200_84041_13_not_null,CHECK,,,
recon_observations,2200_84041_15_not_null,CHECK,,,
recon_observations,2200_84041_18_not_null,CHECK,,,
recon_observations,2200_84041_1_not_null,CHECK,,,
recon_observations,2200_84041_4_not_null,CHECK,,,
recon_observations,2200_84041_5_not_null,CHECK,,,
recon_observations,2200_84041_6_not_null,CHECK,,,
recon_observations,2200_84041_7_not_null,CHECK,,,
recon_observations,2200_84041_8_not_null,CHECK,,,
recon_observations,2200_84041_9_not_null,CHECK,,,
recon_observations,recon_observations_report_id_fkey,FOREIGN KEY,report_id,recon_intelligence_reports,id
recon_observations,recon_observations_pkey,PRIMARY KEY,id,recon_observations,id
recon_processed_target_decisions,2200_84219_1_not_null,CHECK,,,
recon_processed_target_decisions,2200_84219_2_not_null,CHECK,,,
recon_processed_target_decisions,2200_84219_3_not_null,CHECK,,,
recon_processed_target_decisions,2200_84219_4_not_null,CHECK,,,
recon_processed_target_decisions,2200_84219_6_not_null,CHECK,,,
recon_processed_target_decisions,2200_84219_7_not_null,CHECK,,,
recon_processed_target_decisions,recon_processed_target_decisions_observation_id_fkey,FOREIGN KEY,observation_id,recon_observations,id
recon_processed_target_decisions,recon_processed_target_decisions_target_id_fkey,FOREIGN KEY,target_id,recon_targets,id
recon_processed_target_decisions,recon_processed_target_decisions_pkey,PRIMARY KEY,id,recon_processed_target_decisions,id
recon_processed_target_decisions,recon_processed_target_decisi_target_id_observation_id_stat_key,UNIQUE,observation_id,recon_processed_target_decisions,target_id
recon_processed_target_decisions,recon_processed_target_decisi_target_id_observation_id_stat_key,UNIQUE,target_id,recon_processed_target_decisions,observation_id
recon_processed_target_decisions,recon_processed_target_decisi_target_id_observation_id_stat_key,UNIQUE,target_id,recon_processed_target_decisions,status
recon_processed_target_decisions,recon_processed_target_decisi_target_id_observation_id_stat_key,UNIQUE,target_id,recon_processed_target_decisions,target_id
recon_processed_target_decisions,recon_processed_target_decisi_target_id_observation_id_stat_key,UNIQUE,observation_id,recon_processed_target_decisions,observation_id
recon_processed_target_decisions,recon_processed_target_decisi_target_id_observation_id_stat_key,UNIQUE,observation_id,recon_processed_target_decisions,status
recon_processed_target_decisions,recon_processed_target_decisi_target_id_observation_id_stat_key,UNIQUE,status,recon_processed_target_decisions,observation_id
recon_processed_target_decisions,recon_processed_target_decisi_target_id_observation_id_stat_key,UNIQUE,status,recon_processed_target_decisions,status
recon_processed_target_decisions,recon_processed_target_decisi_target_id_observation_id_stat_key,UNIQUE,status,recon_processed_target_decisions,target_id
recon_puar_proposals,2200_84196_10_not_null,CHECK,,,
recon_puar_proposals,2200_84196_1_not_null,CHECK,,,
recon_puar_proposals,2200_84196_4_not_null,CHECK,,,
recon_puar_proposals,2200_84196_5_not_null,CHECK,,,
recon_puar_proposals,2200_84196_6_not_null,CHECK,,,
recon_puar_proposals,2200_84196_9_not_null,CHECK,,,
recon_puar_proposals,recon_puar_proposals_observation_id_fkey,FOREIGN KEY,observation_id,recon_observations,id
recon_puar_proposals,recon_puar_proposals_target_id_fkey,FOREIGN KEY,target_id,recon_targets,id
recon_puar_proposals,recon_puar_proposals_pkey,PRIMARY KEY,id,recon_puar_proposals,id
recon_settings,2200_84005_1_not_null,CHECK,,,
recon_settings,2200_84005_2_not_null,CHECK,,,
recon_settings,2200_84005_3_not_null,CHECK,,,
recon_settings,2200_84005_4_not_null,CHECK,,,
recon_settings,2200_84005_5_not_null,CHECK,,,
recon_settings,recon_settings_pkey,PRIMARY KEY,id,recon_settings,id
recon_settings,recon_settings_key_key,UNIQUE,key,recon_settings,key
recon_target_observations,2200_84090_1_not_null,CHECK,,,
recon_target_observations,2200_84090_2_not_null,CHECK,,,
recon_target_observations,2200_84090_3_not_null,CHECK,,,
recon_target_observations,2200_84090_4_not_null,CHECK,,,
recon_target_observations,2200_84090_5_not_null,CHECK,,,
recon_target_observations,recon_target_observations_observation_id_fkey,FOREIGN KEY,observation_id,recon_observations,id
recon_target_observations,recon_target_observations_target_id_fkey,FOREIGN KEY,target_id,recon_targets,id
recon_target_observations,recon_target_observations_pkey,PRIMARY KEY,id,recon_target_observations,id
recon_target_observations,recon_target_observations_target_id_observation_id_key,UNIQUE,target_id,recon_target_observations,target_id
recon_target_observations,recon_target_observations_target_id_observation_id_key,UNIQUE,observation_id,recon_target_observations,target_id
recon_target_observations,recon_target_observations_target_id_observation_id_key,UNIQUE,observation_id,recon_target_observations,observation_id
recon_target_observations,recon_target_observations_target_id_observation_id_key,UNIQUE,target_id,recon_target_observations,observation_id
recon_targets,2200_84070_10_not_null,CHECK,,,
recon_targets,2200_84070_11_not_null,CHECK,,,
recon_targets,2200_84070_12_not_null,CHECK,,,
recon_targets,2200_84070_13_not_null,CHECK,,,
recon_targets,2200_84070_14_not_null,CHECK,,,
recon_targets,2200_84070_15_not_null,CHECK,,,
recon_targets,2200_84070_16_not_null,CHECK,,,
recon_targets,2200_84070_17_not_null,CHECK,,,
recon_targets,2200_84070_18_not_null,CHECK,,,
recon_targets,2200_84070_19_not_null,CHECK,,,
recon_targets,2200_84070_1_not_null,CHECK,,,
recon_targets,2200_84070_3_not_null,CHECK,,,
recon_targets,2200_84070_4_not_null,CHECK,,,
recon_targets,2200_84070_5_not_null,CHECK,,,
recon_targets,2200_84070_6_not_null,CHECK,,,
recon_targets,2200_84070_7_not_null,CHECK,,,
recon_targets,2200_84070_8_not_null,CHECK,,,
recon_targets,2200_84070_9_not_null,CHECK,,,
recon_targets,recon_targets_pkey,PRIMARY KEY,id,recon_targets,id
service_order_actual_ammo,2200_67076_1_not_null,CHECK,,,
service_order_actual_ammo,2200_67076_2_not_null,CHECK,,,
service_order_actual_ammo,2200_67076_3_not_null,CHECK,,,
service_order_actual_ammo,2200_67076_4_not_null,CHECK,,,
service_order_actual_ammo,2200_67076_5_not_null,CHECK,,,
service_order_actual_ammo,2200_67076_6_not_null,CHECK,,,
service_order_actual_ammo,2200_67076_8_not_null,CHECK,,,
service_order_actual_ammo,service_order_actual_ammo_charge_modules_per_shot_check,CHECK,,service_order_actual_ammo,charge_modules_per_shot
service_order_actual_ammo,service_order_actual_ammo_charge_quantity_check,CHECK,,service_order_actual_ammo,charge_quantity
service_order_actual_ammo,service_order_actual_ammo_shot_quantity_check,CHECK,,service_order_actual_ammo,shot_quantity
service_order_actual_ammo,service_order_actual_ammo_charge_id_fkey,FOREIGN KEY,charge_id,charges,id
service_order_actual_ammo,service_order_actual_ammo_service_order_id_fkey,FOREIGN KEY,service_order_id,service_orders,id
service_order_actual_ammo,service_order_actual_ammo_shell_id_fkey,FOREIGN KEY,shell_id,shells,id
service_order_actual_ammo,service_order_actual_ammo_pkey,PRIMARY KEY,id,service_order_actual_ammo,id
service_orders,2200_25802_11_not_null,CHECK,,,
service_orders,2200_25802_18_not_null,CHECK,,,
service_orders,2200_25802_19_not_null,CHECK,,,
service_orders,2200_25802_1_not_null,CHECK,,,
service_orders,2200_25802_2_not_null,CHECK,,,
service_orders,2200_25802_3_not_null,CHECK,,,
service_orders,2200_25802_4_not_null,CHECK,,,
service_orders,2200_25802_5_not_null,CHECK,,,
service_orders,2200_25802_8_not_null,CHECK,,,
service_orders,chk_service_orders_assigned_scope,CHECK,,service_orders,assigned_scope
service_orders,fk_service_orders_fire_position,FOREIGN KEY,selected_fire_position_id,fire_positions,id
service_orders,fk_service_orders_resource_a,FOREIGN KEY,planned_resource_a_id,shells,id
service_orders,fk_service_orders_resource_b,FOREIGN KEY,planned_resource_b_id,charges,id
service_orders,service_orders_pkey,PRIMARY KEY,id,service_orders,id
service_orders,service_orders_order_number_key,UNIQUE,order_number,service_orders,order_number
shell_compatible_charges,2200_17694_1_not_null,CHECK,,,
shell_compatible_charges,2200_17694_2_not_null,CHECK,,,
shell_compatible_charges,2200_17694_3_not_null,CHECK,,,
shell_compatible_charges,2200_17694_4_not_null,CHECK,,,
shell_compatible_charges,shell_compatible_charges_usable_modules_check,CHECK,,shell_compatible_charges,usable_modules
shell_compatible_charges,fk_shell_compatible_charges_zone,FOREIGN KEY,zone_id,zones,id
shell_compatible_charges,shell_compatible_charges_charge_id_fkey,FOREIGN KEY,charge_id,charges,id
shell_compatible_charges,shell_compatible_charges_shell_id_fkey,FOREIGN KEY,shell_id,shells,id
shell_compatible_charges,shell_compatible_charges_pkey,PRIMARY KEY,id,shell_compatible_charges,id
shell_compatible_fuzes,2200_17711_1_not_null,CHECK,,,
shell_compatible_fuzes,2200_17711_2_not_null,CHECK,,,
shell_compatible_fuzes,2200_17711_3_not_null,CHECK,,,
shell_compatible_fuzes,shell_compatible_fuzes_fuze_id_fkey,FOREIGN KEY,fuze_id,fuzes,id
shell_compatible_fuzes,shell_compatible_fuzes_shell_id_fkey,FOREIGN KEY,shell_id,shells,id
shell_compatible_fuzes,shell_compatible_fuzes_pkey,PRIMARY KEY,id,shell_compatible_fuzes,id
shells,2200_17615_1_not_null,CHECK,,,
shells,2200_17615_2_not_null,CHECK,,,
shells,2200_17615_3_not_null,CHECK,,,
shells,2200_17615_4_not_null,CHECK,,,
shells,shells_pkey,PRIMARY KEY,id,shells,id
shells,shells_marking_key,UNIQUE,marking,shells,marking
spatial_ref_sys,2200_16709_1_not_null,CHECK,,,
spatial_ref_sys,spatial_ref_sys_srid_check,CHECK,,spatial_ref_sys,srid
spatial_ref_sys,spatial_ref_sys_pkey,PRIMARY KEY,srid,spatial_ref_sys,srid
stock_movements,2200_17853_1_not_null,CHECK,,,
stock_movements,2200_17853_4_not_null,CHECK,,,
stock_movements,2200_17853_5_not_null,CHECK,,,
stock_movements,2200_17853_6_not_null,CHECK,,,
stock_movements,stock_movements_fire_mission_id_fkey,FOREIGN KEY,fire_mission_id,fire_missions,id
stock_movements,stock_movements_from_depot_id_fkey,FOREIGN KEY,from_depot_id,depots,id
stock_movements,stock_movements_to_depot_id_fkey,FOREIGN KEY,to_depot_id,depots,id
stock_movements,stock_movements_pkey,PRIMARY KEY,id,stock_movements,id
units,2200_17469_1_not_null,CHECK,,,
units,2200_17469_2_not_null,CHECK,,,
units,2200_17469_3_not_null,CHECK,,,
units,units_parent_id_fkey,FOREIGN KEY,parent_id,units,id
units,units_pkey,PRIMARY KEY,id,units,id
users,2200_33951_10_not_null,CHECK,,,
users,2200_33951_1_not_null,CHECK,,,
users,2200_33951_2_not_null,CHECK,,,
users,2200_33951_3_not_null,CHECK,,,
users,2200_33951_5_not_null,CHECK,,,
users,2200_33951_6_not_null,CHECK,,,
users,2200_33951_7_not_null,CHECK,,,
users,2200_33951_8_not_null,CHECK,,,
users,chk_users_role,CHECK,,users,role
users,chk_users_scope,CHECK,,users,scope
users,fk_users_unit,FOREIGN KEY,unit_id,units,id
users,users_pkey,PRIMARY KEY,id,users,id
users,users_login_key,UNIQUE,login,users,login
weapon_models,2200_17735_1_not_null,CHECK,,,
weapon_models,2200_17735_2_not_null,CHECK,,,
weapon_models,2200_17735_3_not_null,CHECK,,,
weapon_models,weapon_models_pkey,PRIMARY KEY,id,weapon_models,id
weapon_models,weapon_models_name_key,UNIQUE,name,weapon_models,name
weapon_systems,2200_17501_1_not_null,CHECK,,,
weapon_systems,ck_weapon_systems_location_consistency,CHECK,,weapon_systems,fire_position_id
weapon_systems,ck_weapon_systems_location_consistency,CHECK,,weapon_systems,location_type
weapon_systems,fk_weapon_system_fire_position,FOREIGN KEY,fire_position_id,fire_positions,id
weapon_systems,weapon_systems_unit_id_fkey,FOREIGN KEY,unit_id,units,id
weapon_systems,weapon_systems_weapon_model_id_fkey,FOREIGN KEY,weapon_model_id,weapon_models,id
weapon_systems,weapon_systems_pkey,PRIMARY KEY,id,weapon_systems,id
zones,2200_17728_1_not_null,CHECK,,,
zones,2200_17728_3_not_null,CHECK,,,
zones,2200_17728_4_not_null,CHECK,,,
zones,2200_17728_5_not_null,CHECK,,,
zones,zones_weapon_model_id_fkey,FOREIGN KEY,weapon_model_id,weapon_models,id
zones,zones_pkey,PRIMARY KEY,id,zones,id
(616 rows)
