"Module","Imports","ImportPath","ModuleFile"
"AccessScopeModule","Module","@nestjs/common","backend\src\access-scope\access-scope.module.ts"
"AccessScopeModule","TypeOrmModule","@nestjs/typeorm","backend\src\access-scope\access-scope.module.ts"
"AirAssetsModule","AccessScopeModule","../access-scope/access-scope.module","backend\src\air-assets\air-assets.module.ts"
"AirAssetsModule","AuthModule","../auth/auth.module","backend\src\air-assets\air-assets.module.ts"
"AirAssetsModule","EventLogsModule","../event-logs/event-logs.module","backend\src\air-assets\air-assets.module.ts"
"AirAssetsModule","Module","@nestjs/common","backend\src\air-assets\air-assets.module.ts"
"AirAssetsModule","RealtimeModule","../realtime/realtime.module","backend\src\air-assets\air-assets.module.ts"
"AirAssetsModule","TypeOrmModule","@nestjs/typeorm","backend\src\air-assets\air-assets.module.ts"
"AirThreatsModule","Module","@nestjs/common","backend\src\air-threats\air-threats.module.ts"
"AirThreatsModule","RealtimeModule","../realtime/realtime.module","backend\src\air-threats\air-threats.module.ts"
"AirThreatsModule","SettingsModule","../settings/settings.module","backend\src\air-threats\air-threats.module.ts"
"AirThreatsModule","TypeOrmModule","@nestjs/typeorm","backend\src\air-threats\air-threats.module.ts"
"AnalyticsModule","AccessScopeModule","../access-scope/access-scope.module","backend\src\analytics\analytics.module.ts"
"AnalyticsModule","AirThreatsModule","../air-threats/air-threats.module","backend\src\analytics\analytics.module.ts"
"AnalyticsModule","AuthModule","../auth/auth.module","backend\src\analytics\analytics.module.ts"
"AnalyticsModule","Module","@nestjs/common","backend\src\analytics\analytics.module.ts"
"AnalyticsModule","ServiceOrdersModule","../service-orders/service-orders.module","backend\src\analytics\analytics.module.ts"
"AppModule","AccessScopeModule","./access-scope/access-scope.module","backend\src\app.module.ts"
"AppModule","AirAssetsModule","./air-assets/air-assets.module","backend\src\app.module.ts"
"AppModule","AirThreatsModule","./air-threats/air-threats.module","backend\src\app.module.ts"
"AppModule","AnalyticsModule","./analytics/analytics.module","backend\src\app.module.ts"
"AppModule","AuthModule","./auth/auth.module","backend\src\app.module.ts"
"AppModule","ChargesModule","./charges/charges.module","backend\src\app.module.ts"
"AppModule","ConfigModule","@nestjs/config","backend\src\app.module.ts"
"AppModule","DepotChargeStockModule","./depot-charge-stock/depot-charge-stock.module","backend\src\app.module.ts"
"AppModule","DepotFuzeStockModule","./depot-fuze-stock/depot-fuze-stock.module","backend\src\app.module.ts"
"AppModule","DepotPrimerStockModule","./depot-primer-stock/depot-primer-stock.module","backend\src\app.module.ts"
"AppModule","DepotShellStockModule","./depot-shell-stock/depot-shell-stock.module","backend\src\app.module.ts"
"AppModule","DepotsModule","./depots/depots.module","backend\src\app.module.ts"
"AppModule","DocumentsModule","./documents/documents.module","backend\src\app.module.ts"
"AppModule","DroneLogisticsModule","./drone-logistics/drone-logistics.module","backend\src\app.module.ts"
"AppModule","EventLogsModule","./event-logs/event-logs.module","backend\src\app.module.ts"
"AppModule","EwModule","./ew/ew.module","backend\src\app.module.ts"
"AppModule","FireMissionsModule","./fire-missions/fire-missions.module","backend\src\app.module.ts"
"AppModule","FirePositionsModule","./fire-positions/fire-positions.module","backend\src\app.module.ts"
"AppModule","FirePositionWeaponsModule","./fire-position-weapons/fire-position-weapons.module","backend\src\app.module.ts"
"AppModule","FuzesModule","./fuzes/fuzes.module","backend\src\app.module.ts"
"AppModule","Module","@nestjs/common","backend\src\app.module.ts"
"AppModule","OperatorShiftsModule","./operator-shifts/operator-shifts.module","backend\src\app.module.ts"
"AppModule","PlannedTripsModule","./planned-trips/planned-trips.module","backend\src\app.module.ts"
"AppModule","PrimersModule","./primers/primers.module","backend\src\app.module.ts"
"AppModule","RealtimeModule","./realtime/realtime.module","backend\src\app.module.ts"
"AppModule","RecommendationsModule","./recommendations/recommendations.module","backend\src\app.module.ts"
"AppModule","ReconModule","./modules/recon/recon.module","backend\src\app.module.ts"
"AppModule","ServiceOrdersModule","./service-orders/service-orders.module","backend\src\app.module.ts"
"AppModule","SettingsModule","./settings/settings.module","backend\src\app.module.ts"
"AppModule","ShellCompatibleChargesModule","./shell-compatible-charges/shell-compatible-charges.module","backend\src\app.module.ts"
"AppModule","ShellCompatibleFuzesModule","./shell-compatible-fuzes/shell-compatible-fuzes.module","backend\src\app.module.ts"
"AppModule","ShellsModule","./shells/shells.module","backend\src\app.module.ts"
"AppModule","StockModule","./stock/stock.module","backend\src\app.module.ts"
"AppModule","StockMovementsModule","./stock-movements/stock-movements.module","backend\src\app.module.ts"
"AppModule","TypeOrmModule","@nestjs/typeorm","backend\src\app.module.ts"
"AppModule","UnitsModule","./units/units.module","backend\src\app.module.ts"
"AppModule","UsersModule","./users/users.module","backend\src\app.module.ts"
"AppModule","WeaponModelsModule","./weapon-models/weapon-models.module","backend\src\app.module.ts"
"AppModule","WeaponSystemsModule","./weapon-systems/weapon-systems.module","backend\src\app.module.ts"
"AppModule","ZonesModule","./zones/zones.module","backend\src\app.module.ts"
"AuthModule","ConfigModule","@nestjs/config","backend\src\auth\auth.module.ts"
"AuthModule","JwtModule","@nestjs/jwt","backend\src\auth\auth.module.ts"
"AuthModule","Module","@nestjs/common","backend\src\auth\auth.module.ts"
"AuthModule","UsersModule","../users/users.module","backend\src\auth\auth.module.ts"
"ChargesModule","Module","@nestjs/common","backend\src\charges\charges.module.ts"
"ChargesModule","RealtimeModule","../realtime/realtime.module","backend\src\charges\charges.module.ts"
"ChargesModule","TypeOrmModule","@nestjs/typeorm","backend\src\charges\charges.module.ts"
"DepotChargeStockModule","Module","@nestjs/common","backend\src\depot-charge-stock\depot-charge-stock.module.ts"
"DepotChargeStockModule","RealtimeModule","../realtime/realtime.module","backend\src\depot-charge-stock\depot-charge-stock.module.ts"
"DepotChargeStockModule","TypeOrmModule","@nestjs/typeorm","backend\src\depot-charge-stock\depot-charge-stock.module.ts"
"DepotFuzeStockModule","Module","@nestjs/common","backend\src\depot-fuze-stock\depot-fuze-stock.module.ts"
"DepotFuzeStockModule","RealtimeModule","../realtime/realtime.module","backend\src\depot-fuze-stock\depot-fuze-stock.module.ts"
"DepotFuzeStockModule","TypeOrmModule","@nestjs/typeorm","backend\src\depot-fuze-stock\depot-fuze-stock.module.ts"
"DepotPrimerStockModule","Module","@nestjs/common","backend\src\depot-primer-stock\depot-primer-stock.module.ts"
"DepotPrimerStockModule","RealtimeModule","../realtime/realtime.module","backend\src\depot-primer-stock\depot-primer-stock.module.ts"
"DepotPrimerStockModule","TypeOrmModule","@nestjs/typeorm","backend\src\depot-primer-stock\depot-primer-stock.module.ts"
"DepotShellStockModule","Module","@nestjs/common","backend\src\depot-shell-stock\depot-shell-stock.module.ts"
"DepotShellStockModule","RealtimeModule","../realtime/realtime.module","backend\src\depot-shell-stock\depot-shell-stock.module.ts"
"DepotShellStockModule","TypeOrmModule","@nestjs/typeorm","backend\src\depot-shell-stock\depot-shell-stock.module.ts"
"DepotsModule","AccessScopeModule","../access-scope/access-scope.module","backend\src\depots\depots.module.ts"
"DepotsModule","Module","@nestjs/common","backend\src\depots\depots.module.ts"
"DepotsModule","RealtimeModule","../realtime/realtime.module","backend\src\depots\depots.module.ts"
"DepotsModule","TypeOrmModule","@nestjs/typeorm","backend\src\depots\depots.module.ts"
"DocumentsModule","AuthModule","../auth/auth.module","backend\src\documents\documents.module.ts"
"DocumentsModule","Module","@nestjs/common","backend\src\documents\documents.module.ts"
"DocumentsModule","TypeOrmModule","@nestjs/typeorm","backend\src\documents\documents.module.ts"
"DroneLogisticsModule","Module","@nestjs/common","backend\src\drone-logistics\drone-logistics.module.ts"
"DroneLogisticsModule","RealtimeModule","../realtime/realtime.module","backend\src\drone-logistics\drone-logistics.module.ts"
"DroneLogisticsModule","TypeOrmModule","@nestjs/typeorm","backend\src\drone-logistics\drone-logistics.module.ts"
"EventLogsModule","AccessScopeModule","../access-scope/access-scope.module","backend\src\event-logs\event-logs.module.ts"
"EventLogsModule","AuthModule","../auth/auth.module","backend\src\event-logs\event-logs.module.ts"
"EventLogsModule","Module","@nestjs/common","backend\src\event-logs\event-logs.module.ts"
"EventLogsModule","TypeOrmModule","@nestjs/typeorm","backend\src\event-logs\event-logs.module.ts"
"EwModule","AccessScopeModule","../access-scope/access-scope.module","backend\src\ew\ew.module.ts"
"EwModule","AuthModule","src/auth/auth.module","backend\src\ew\ew.module.ts"
"EwModule","Module","@nestjs/common","backend\src\ew\ew.module.ts"
"EwModule","RealtimeModule","../realtime/realtime.module","backend\src\ew\ew.module.ts"
"EwModule","TypeOrmModule","@nestjs/typeorm","backend\src\ew\ew.module.ts"
"FireMissionsModule","AuthModule","../auth/auth.module","backend\src\fire-missions\fire-missions.module.ts"
"FireMissionsModule","Module","@nestjs/common","backend\src\fire-missions\fire-missions.module.ts"
"FireMissionsModule","RealtimeModule","../realtime/realtime.module","backend\src\fire-missions\fire-missions.module.ts"
"FireMissionsModule","TypeOrmModule","@nestjs/typeorm","backend\src\fire-missions\fire-missions.module.ts"
"FirePositionsModule","AccessScopeModule","../access-scope/access-scope.module","backend\src\fire-positions\fire-positions.module.ts"
"FirePositionsModule","AuthModule","../auth/auth.module","backend\src\fire-positions\fire-positions.module.ts"
"FirePositionsModule","Module","@nestjs/common","backend\src\fire-positions\fire-positions.module.ts"
"FirePositionsModule","RealtimeModule","../realtime/realtime.module","backend\src\fire-positions\fire-positions.module.ts"
"FirePositionsModule","TypeOrmModule","@nestjs/typeorm","backend\src\fire-positions\fire-positions.module.ts"
"FirePositionWeaponsModule","Module","@nestjs/common","backend\src\fire-position-weapons\fire-position-weapons.module.ts"
"FirePositionWeaponsModule","RealtimeModule","../realtime/realtime.module","backend\src\fire-position-weapons\fire-position-weapons.module.ts"
"FirePositionWeaponsModule","TypeOrmModule","@nestjs/typeorm","backend\src\fire-position-weapons\fire-position-weapons.module.ts"
"FuzesModule","Module","@nestjs/common","backend\src\fuzes\fuzes.module.ts"
"FuzesModule","RealtimeModule","../realtime/realtime.module","backend\src\fuzes\fuzes.module.ts"
"FuzesModule","TypeOrmModule","@nestjs/typeorm","backend\src\fuzes\fuzes.module.ts"
"OperatorShiftsModule","AccessScopeModule","../access-scope/access-scope.module","backend\src\operator-shifts\operator-shifts.module.ts"
"OperatorShiftsModule","AuthModule","../auth/auth.module","backend\src\operator-shifts\operator-shifts.module.ts"
"OperatorShiftsModule","EventLogsModule","../event-logs/event-logs.module","backend\src\operator-shifts\operator-shifts.module.ts"
"OperatorShiftsModule","Module","@nestjs/common","backend\src\operator-shifts\operator-shifts.module.ts"
"OperatorShiftsModule","TypeOrmModule","@nestjs/typeorm","backend\src\operator-shifts\operator-shifts.module.ts"
"PlannedTripsModule","AccessScopeModule","../access-scope/access-scope.module","backend\src\planned-trips\planned-trips.module.ts"
"PlannedTripsModule","Module","@nestjs/common","backend\src\planned-trips\planned-trips.module.ts"
"PlannedTripsModule","RealtimeModule","../realtime/realtime.module","backend\src\planned-trips\planned-trips.module.ts"
"PlannedTripsModule","TypeOrmModule","@nestjs/typeorm","backend\src\planned-trips\planned-trips.module.ts"
"PrimersModule","Module","@nestjs/common","backend\src\primers\primers.module.ts"
"PrimersModule","RealtimeModule","../realtime/realtime.module","backend\src\primers\primers.module.ts"
"PrimersModule","TypeOrmModule","@nestjs/typeorm","backend\src\primers\primers.module.ts"
"RealtimeModule","Module","@nestjs/common","backend\src\realtime\realtime.module.ts"
"RecommendationsModule","AuthModule","../auth/auth.module","backend\src\recommendations\recommendations.module.ts"
"RecommendationsModule","Module","@nestjs/common","backend\src\recommendations\recommendations.module.ts"
"RecommendationsModule","TypeOrmModule","@nestjs/typeorm","backend\src\recommendations\recommendations.module.ts"
"ReconModule","Module","@nestjs/common","backend\src\modules\recon\recon.module.ts"
"ReconModule","RealtimeModule","../../realtime/realtime.module","backend\src\modules\recon\recon.module.ts"
"ReconModule","TypeOrmModule","@nestjs/typeorm","backend\src\modules\recon\recon.module.ts"
"ServiceOrdersModule","AccessScopeModule","../access-scope/access-scope.module","backend\src\service-orders\service-orders.module.ts"
"ServiceOrdersModule","AuthModule","../auth/auth.module","backend\src\service-orders\service-orders.module.ts"
"ServiceOrdersModule","EventLogsModule","src/event-logs/event-logs.module","backend\src\service-orders\service-orders.module.ts"
"ServiceOrdersModule","Module","@nestjs/common","backend\src\service-orders\service-orders.module.ts"
"ServiceOrdersModule","RealtimeModule","../realtime/realtime.module","backend\src\service-orders\service-orders.module.ts"
"ServiceOrdersModule","ReconModule","../modules/recon/recon.module","backend\src\service-orders\service-orders.module.ts"
"ServiceOrdersModule","TypeOrmModule","@nestjs/typeorm","backend\src\service-orders\service-orders.module.ts"
"SettingsModule","Module","@nestjs/common","backend\src\settings\settings.module.ts"
"SettingsModule","RealtimeModule","../realtime/realtime.module","backend\src\settings\settings.module.ts"
"SettingsModule","TypeOrmModule","@nestjs/typeorm","backend\src\settings\settings.module.ts"
"ShellCompatibleChargesModule","Module","@nestjs/common","backend\src\shell-compatible-charges\shell-compatible-charges.module.ts"
"ShellCompatibleChargesModule","RealtimeModule","../realtime/realtime.module","backend\src\shell-compatible-charges\shell-compatible-charges.module.ts"
"ShellCompatibleChargesModule","TypeOrmModule","@nestjs/typeorm","backend\src\shell-compatible-charges\shell-compatible-charges.module.ts"
"ShellCompatibleFuzesModule","Module","@nestjs/common","backend\src\shell-compatible-fuzes\shell-compatible-fuzes.module.ts"
"ShellCompatibleFuzesModule","RealtimeModule","../realtime/realtime.module","backend\src\shell-compatible-fuzes\shell-compatible-fuzes.module.ts"
"ShellCompatibleFuzesModule","TypeOrmModule","@nestjs/typeorm","backend\src\shell-compatible-fuzes\shell-compatible-fuzes.module.ts"
"ShellsModule","Module","@nestjs/common","backend\src\shells\shells.module.ts"
"ShellsModule","RealtimeModule","../realtime/realtime.module","backend\src\shells\shells.module.ts"
"ShellsModule","TypeOrmModule","@nestjs/typeorm","backend\src\shells\shells.module.ts"
"StockModule","AccessScopeModule","../access-scope/access-scope.module","backend\src\stock\stock.module.ts"
"StockModule","Module","@nestjs/common","backend\src\stock\stock.module.ts"
"StockModule","TypeOrmModule","@nestjs/typeorm","backend\src\stock\stock.module.ts"
"StockMovementsModule","AccessScopeModule","../access-scope/access-scope.module","backend\src\stock-movements\stock-movements.module.ts"
"StockMovementsModule","Module","@nestjs/common","backend\src\stock-movements\stock-movements.module.ts"
"StockMovementsModule","RealtimeModule","../realtime/realtime.module","backend\src\stock-movements\stock-movements.module.ts"
"StockMovementsModule","TypeOrmModule","@nestjs/typeorm","backend\src\stock-movements\stock-movements.module.ts"
"UnitsModule","AuthModule","../auth/auth.module","backend\src\units\units.module.ts"
"UnitsModule","Module","@nestjs/common","backend\src\units\units.module.ts"
"UnitsModule","RealtimeModule","../realtime/realtime.module","backend\src\units\units.module.ts"
"UnitsModule","TypeOrmModule","@nestjs/typeorm","backend\src\units\units.module.ts"
"UsersModule","ConfigModule","@nestjs/config","backend\src\users\users.module.ts"
"UsersModule","JwtModule","@nestjs/jwt","backend\src\users\users.module.ts"
"UsersModule","Module","@nestjs/common","backend\src\users\users.module.ts"
"UsersModule","RealtimeModule","../realtime/realtime.module","backend\src\users\users.module.ts"
"UsersModule","TypeOrmModule","@nestjs/typeorm","backend\src\users\users.module.ts"
"WeaponModelsModule","Module","@nestjs/common","backend\src\weapon-models\weapon-models.module.ts"
"WeaponModelsModule","RealtimeModule","../realtime/realtime.module","backend\src\weapon-models\weapon-models.module.ts"
"WeaponModelsModule","TypeOrmModule","@nestjs/typeorm","backend\src\weapon-models\weapon-models.module.ts"
"WeaponSystemsModule","AccessScopeModule","../access-scope/access-scope.module","backend\src\weapon-systems\weapon-systems.module.ts"
"WeaponSystemsModule","AuthModule","../auth/auth.module","backend\src\weapon-systems\weapon-systems.module.ts"
"WeaponSystemsModule","EventLogsModule","../event-logs/event-logs.module","backend\src\weapon-systems\weapon-systems.module.ts"
"WeaponSystemsModule","Module","@nestjs/common","backend\src\weapon-systems\weapon-systems.module.ts"
"WeaponSystemsModule","RealtimeModule","../realtime/realtime.module","backend\src\weapon-systems\weapon-systems.module.ts"
"WeaponSystemsModule","TypeOrmModule","@nestjs/typeorm","backend\src\weapon-systems\weapon-systems.module.ts"
"ZonesModule","Module","@nestjs/common","backend\src\zones\zones.module.ts"
"ZonesModule","RealtimeModule","../realtime/realtime.module","backend\src\zones\zones.module.ts"
"ZonesModule","TypeOrmModule","@nestjs/typeorm","backend\src\zones\zones.module.ts"
