"Table","Column","Source"
"air_asset_calculations","callsign","CREATE TABLE"
"air_asset_calculations","created_at","CREATE TABLE"
"air_asset_calculations","endurance_minutes","CREATE TABLE"
"air_asset_calculations","id","CREATE TABLE"
"air_asset_calculations","lat","CREATE TABLE"
"air_asset_calculations","lng","CREATE TABLE"
"air_asset_calculations","mgrs","CREATE TABLE"
"air_asset_calculations","name","CREATE TABLE"
"air_asset_calculations","note","CREATE TABLE"
"air_asset_calculations","payload","CREATE TABLE"
"air_asset_calculations","platform_type","CREATE TABLE"
"air_asset_calculations","readiness_status","CREATE TABLE"
"air_asset_calculations","unit_id","CREATE TABLE"
"air_asset_calculations","updated_at","CREATE TABLE"
"air_asset_drone_stock","air_asset_position_id","CREATE TABLE"
"air_asset_drone_stock","created_at","ALTER TABLE"
"air_asset_drone_stock","drone_model_id","CREATE TABLE"
"air_asset_drone_stock","id","CREATE TABLE"
"air_asset_drone_stock","quantity","CREATE TABLE"
"air_asset_drone_stock","updated_at","ALTER TABLE"
"air_asset_positions","id","CREATE TABLE"
"air_asset_task_points","id","CREATE TABLE"
"air_asset_task_points","lat","CREATE TABLE"
"air_asset_task_points","lng","CREATE TABLE"
"air_asset_task_points","point_order","CREATE TABLE"
"air_asset_task_points","task_id","CREATE TABLE"
"air_asset_tasks","air_asset_position_id","CREATE TABLE"
"air_asset_tasks","area_name","CREATE TABLE"
"air_asset_tasks","created_at","CREATE TABLE"
"air_asset_tasks","drone_model_id","CREATE TABLE"
"air_asset_tasks","id","CREATE TABLE"
"air_asset_tasks","name","CREATE TABLE"
"air_asset_tasks","note","CREATE TABLE"
"air_asset_tasks","planned_end_at","CREATE TABLE"
"air_asset_tasks","planned_start_at","CREATE TABLE"
"air_asset_tasks","status","CREATE TABLE"
"air_asset_tasks","task_type","CREATE TABLE"
"air_asset_tasks","unit_id","CREATE TABLE"
"air_asset_tasks","updated_at","CREATE TABLE"
"air_asset_tasks","warhead_type_id","CREATE TABLE"
"air_asset_warhead_stock","air_asset_position_id","CREATE TABLE"
"air_asset_warhead_stock","created_at","ALTER TABLE"
"air_asset_warhead_stock","id","CREATE TABLE"
"air_asset_warhead_stock","quantity","CREATE TABLE"
"air_asset_warhead_stock","updated_at","CREATE TABLE"
"air_asset_warhead_stock","warhead_type_id","CREATE TABLE"
"air_recon_area_points","area_id","CREATE TABLE"
"air_recon_area_points","created_at","CREATE TABLE"
"air_recon_area_points","id","CREATE TABLE"
"air_recon_area_points","lat","CREATE TABLE"
"air_recon_area_points","lng","CREATE TABLE"
"air_recon_area_points","point_order","CREATE TABLE"
"air_recon_areas","active_date","CREATE TABLE"
"air_recon_areas","air_asset_position_id","CREATE TABLE"
"air_recon_areas","created_at","CREATE TABLE"
"air_recon_areas","id","CREATE TABLE"
"air_recon_areas","name","CREATE TABLE"
"air_recon_areas","note","CREATE TABLE"
"air_recon_areas","planned_end_at","ALTER TABLE"
"air_recon_areas","planned_start_at","ALTER TABLE"
"air_recon_areas","status","ALTER TABLE"
"air_recon_areas","updated_at","CREATE TABLE"
"charge_configurations","charge_id","CREATE TABLE"
"charge_configurations","charge_units_per_shot","CREATE TABLE"
"charge_configurations","created_at","CREATE TABLE"
"charge_configurations","id","CREATE TABLE"
"charge_configurations","is_default","CREATE TABLE"
"charge_configurations","label","CREATE TABLE"
"charge_configurations","note","CREATE TABLE"
"charge_configurations","updated_at","CREATE TABLE"
"charge_configurations","zone_id","CREATE TABLE"
"charges","charge_kind","ALTER TABLE"
"charges","created_at","CREATE TABLE"
"charges","id","CREATE TABLE"
"charges","marking","CREATE TABLE"
"charges","max_usable_modules","ALTER TABLE"
"charges","measurement_unit","CREATE TABLE"
"charges","module_note","ALTER TABLE"
"charges","modules_per_charge","ALTER TABLE"
"charges","packaging_type","CREATE TABLE"
"charges","updated_at","CREATE TABLE"
"depot_charge_stock","charge_id","CREATE TABLE"
"depot_charge_stock","depot_id","CREATE TABLE"
"depot_charge_stock","id","CREATE TABLE"
"depot_charge_stock","quantity","CREATE TABLE"
"depot_drone_stock","created_at","ALTER TABLE"
"depot_drone_stock","depot_id","CREATE TABLE"
"depot_drone_stock","drone_model_id","CREATE TABLE"
"depot_drone_stock","id","CREATE TABLE"
"depot_drone_stock","quantity","CREATE TABLE"
"depot_drone_stock","updated_at","ALTER TABLE"
"depot_drone_warhead_stock","created_at","ALTER TABLE"
"depot_drone_warhead_stock","depot_id","CREATE TABLE"
"depot_drone_warhead_stock","id","CREATE TABLE"
"depot_drone_warhead_stock","quantity","CREATE TABLE"
"depot_drone_warhead_stock","updated_at","CREATE TABLE"
"depot_drone_warhead_stock","warhead_type_id","CREATE TABLE"
"depot_fuze_stock","depot_id","CREATE TABLE"
"depot_fuze_stock","fuze_id","CREATE TABLE"
"depot_fuze_stock","id","CREATE TABLE"
"depot_fuze_stock","quantity","CREATE TABLE"
"depot_primer_stock","depot_id","CREATE TABLE"
"depot_primer_stock","id","CREATE TABLE"
"depot_primer_stock","primer_id","CREATE TABLE"
"depot_primer_stock","quantity","CREATE TABLE"
"depot_shell_stock","depot_id","CREATE TABLE"
"depot_shell_stock","id","CREATE TABLE"
"depot_shell_stock","quantity","CREATE TABLE"
"depot_shell_stock","shell_id","CREATE TABLE"
"depots","created_at","CREATE TABLE"
"depots","depot_type","CREATE TABLE"
"depots","id","CREATE TABLE"
"depots","lat","CREATE TABLE"
"depots","lng","CREATE TABLE"
"depots","mgrs","CREATE TABLE"
"depots","name","CREATE TABLE"
"depots","parent_id","CREATE TABLE"
"depots","unit_id","CREATE TABLE"
"depots","updated_at","CREATE TABLE"
"drone_models","camera_type","ALTER TABLE"
"drone_models","created_at","ALTER TABLE"
"drone_models","cruise_speed_kmh","ALTER TABLE"
"drone_models","drone_group","ALTER TABLE"
"drone_models","drone_type","ALTER TABLE"
"drone_models","endurance_minutes","ALTER TABLE"
"drone_models","id","CREATE TABLE"
"drone_models","max_altitude_m","ALTER TABLE"
"drone_models","max_range_m","ALTER TABLE"
"drone_models","max_wind_ms","ALTER TABLE"
"drone_models","name","CREATE TABLE"
"drone_models","note","ALTER TABLE"
"drone_models","payload_capacity_kg","ALTER TABLE"
"drone_models","updated_at","ALTER TABLE"
"drone_stock_movements","air_asset_from_id","ALTER TABLE"
"drone_stock_movements","air_asset_to_id","CREATE TABLE"
"drone_stock_movements","comment","ALTER TABLE"
"drone_stock_movements","created_at","CREATE TABLE"
"drone_stock_movements","created_by_id","ALTER TABLE"
"drone_stock_movements","depot_from_id","ALTER TABLE"
"drone_stock_movements","depot_to_id","CREATE TABLE"
"drone_stock_movements","drone_model_id","CREATE TABLE"
"drone_stock_movements","id","CREATE TABLE"
"drone_stock_movements","item_type","CREATE TABLE"
"drone_stock_movements","movement_type","CREATE TABLE"
"drone_stock_movements","quantity","ALTER TABLE"
"drone_stock_movements","warhead_type_id","CREATE TABLE"
"drone_warhead_types","created_at","CREATE TABLE"
"drone_warhead_types","id","CREATE TABLE"
"drone_warhead_types","measure_unit","ALTER TABLE"
"drone_warhead_types","name","CREATE TABLE"
"drone_warhead_types","note","ALTER TABLE"
"drone_warhead_types","updated_at","CREATE TABLE"
"drone_warhead_types","weight_kg","ALTER TABLE"
"event_logs","action","CREATE TABLE"
"event_logs","actor_login","CREATE TABLE"
"event_logs","actor_name","CREATE TABLE"
"event_logs","actor_role","CREATE TABLE"
"event_logs","actor_scope","CREATE TABLE"
"event_logs","actor_user_id","CREATE TABLE"
"event_logs","created_at","CREATE TABLE"
"event_logs","details","CREATE TABLE"
"event_logs","entity_id","CREATE TABLE"
"event_logs","entity_name","CREATE TABLE"
"event_logs","entity_type","CREATE TABLE"
"event_logs","event_type","CREATE TABLE"
"event_logs","id","CREATE TABLE"
"event_logs","metadata","CREATE TABLE"
"event_logs","read_at","ALTER TABLE"
"event_logs","title","CREATE TABLE"
"event_logs","unit_id","CREATE TABLE"
"event_logs","unit_name","CREATE TABLE"
"ew_frequency_ranges","created_at","CREATE TABLE"
"ew_frequency_ranges","ew_position_id","CREATE TABLE"
"ew_frequency_ranges","frequency_from_mhz","CREATE TABLE"
"ew_frequency_ranges","frequency_to_mhz","CREATE TABLE"
"ew_frequency_ranges","id","CREATE TABLE"
"ew_frequency_ranges","label","CREATE TABLE"
"ew_positions","callsign","CREATE TABLE"
"ew_positions","created_at","CREATE TABLE"
"ew_positions","effect_mode","CREATE TABLE"
"ew_positions","id","CREATE TABLE"
"ew_positions","lat","CREATE TABLE"
"ew_positions","lng","CREATE TABLE"
"ew_positions","main_direction_degrees","CREATE TABLE"
"ew_positions","main_direction_units","CREATE TABLE"
"ew_positions","mgrs","CREATE TABLE"
"ew_positions","name","CREATE TABLE"
"ew_positions","not_ready_reason","CREATE TABLE"
"ew_positions","note","CREATE TABLE"
"ew_positions","personnel_rotation_date","CREATE TABLE"
"ew_positions","radius_m","CREATE TABLE"
"ew_positions","readiness_status","CREATE TABLE"
"ew_positions","sector_left_degrees","CREATE TABLE"
"ew_positions","sector_right_degrees","CREATE TABLE"
"ew_positions","station_name","CREATE TABLE"
"ew_positions","traverse_left_degrees","CREATE TABLE"
"ew_positions","traverse_left_units","CREATE TABLE"
"ew_positions","traverse_right_degrees","CREATE TABLE"
"ew_positions","traverse_right_units","CREATE TABLE"
"ew_positions","unit_id","CREATE TABLE"
"ew_positions","updated_at","CREATE TABLE"
"fire_missions","accepted_at","ALTER TABLE"
"fire_missions","actual_charge_quantity","ALTER TABLE"
"fire_missions","actual_fuze_quantity","ALTER TABLE"
"fire_missions","actual_primer_quantity","ALTER TABLE"
"fire_missions","actual_shell_quantity","ALTER TABLE"
"fire_missions","author_unit_id","ALTER TABLE"
"fire_missions","author_user_id","ALTER TABLE"
"fire_missions","charge_id","CREATE TABLE"
"fire_missions","charge_quantity","CREATE TABLE"
"fire_missions","closed_at","ALTER TABLE"
"fire_missions","completed_at","ALTER TABLE"
"fire_missions","completion_comment","ALTER TABLE"
"fire_missions","created_at","CREATE TABLE"
"fire_missions","executing_unit_id","CREATE TABLE"
"fire_missions","final_edit_until","ALTER TABLE"
"fire_missions","fire_position_id","CREATE TABLE"
"fire_missions","fuze_id","CREATE TABLE"
"fire_missions","fuze_quantity","CREATE TABLE"
"fire_missions","id","CREATE TABLE"
"fire_missions","mission_datetime","CREATE TABLE"
"fire_missions","primer_id","CREATE TABLE"
"fire_missions","primer_quantity","CREATE TABLE"
"fire_missions","sent_at","ALTER TABLE"
"fire_missions","shell_id","CREATE TABLE"
"fire_missions","shell_quantity","CREATE TABLE"
"fire_missions","started_at","ALTER TABLE"
"fire_missions","status","ALTER TABLE"
"fire_missions","target_lat","CREATE TABLE"
"fire_missions","target_lng","CREATE TABLE"
"fire_missions","target_mgrs","CREATE TABLE"
"fire_missions","target_number","CREATE TABLE"
"fire_missions","target_settlement","CREATE TABLE"
"fire_missions","target_type","CREATE TABLE"
"fire_missions","weapon_system_id","CREATE TABLE"
"fire_position_weapons","assigned_at","CREATE TABLE"
"fire_position_weapons","fire_position_id","CREATE TABLE"
"fire_position_weapons","id","CREATE TABLE"
"fire_position_weapons","removed_at","CREATE TABLE"
"fire_position_weapons","weapon_system_id","CREATE TABLE"
"fire_positions","air_situation_status","CREATE TABLE"
"fire_positions","built_by_unit_id","ALTER TABLE"
"fire_positions","completed_vgz_count","CREATE TABLE"
"fire_positions","created_at","CREATE TABLE"
"fire_positions","geom","CREATE TABLE"
"fire_positions","has_sg","CREATE TABLE"
"fire_positions","id","CREATE TABLE"
"fire_positions","lat","CREATE TABLE"
"fire_positions","lng","CREATE TABLE"
"fire_positions","main_direction","CREATE TABLE"
"fire_positions","mgrs","CREATE TABLE"
"fire_positions","name","CREATE TABLE"
"fire_positions","not_ready_reason","ALTER TABLE"
"fire_positions","on_value","ALTER TABLE"
"fire_positions","personnel_rotation_date","ALTER TABLE"
"fire_positions","personnel_rotation_status","CREATE TABLE"
"fire_positions","position_type","ALTER TABLE"
"fire_positions","readiness_status","ALTER TABLE"
"fire_positions","traverse_left","ALTER TABLE"
"fire_positions","traverse_limits","CREATE TABLE"
"fire_positions","traverse_right","ALTER TABLE"
"fire_positions","unit_id","CREATE TABLE"
"fire_positions","updated_at","CREATE TABLE"
"fuzes","created_at","CREATE TABLE"
"fuzes","id","CREATE TABLE"
"fuzes","marking","CREATE TABLE"
"fuzes","material","CREATE TABLE"
"fuzes","updated_at","CREATE TABLE"
"operator_shifts","id","CREATE TABLE"
"planned_route_points","id","CREATE TABLE"
"planned_route_points","is_control","CREATE TABLE"
"planned_route_points","lat","CREATE TABLE"
"planned_route_points","lng","CREATE TABLE"
"planned_route_points","name","CREATE TABLE"
"planned_route_points","route_id","CREATE TABLE"
"planned_route_points","sort_order","CREATE TABLE"
"planned_routes","created_at","CREATE TABLE"
"planned_routes","description","CREATE TABLE"
"planned_routes","id","CREATE TABLE"
"planned_routes","name","CREATE TABLE"
"planned_routes","updated_at","CREATE TABLE"
"planned_vehicle_trip_checkpoints","id","CREATE TABLE"
"planned_vehicle_trip_checkpoints","is_control","CREATE TABLE"
"planned_vehicle_trip_checkpoints","lat","CREATE TABLE"
"planned_vehicle_trip_checkpoints","lng","CREATE TABLE"
"planned_vehicle_trip_checkpoints","name","CREATE TABLE"
"planned_vehicle_trip_checkpoints","passed_at","CREATE TABLE"
"planned_vehicle_trip_checkpoints","route_point_id","CREATE TABLE"
"planned_vehicle_trip_checkpoints","sort_order","CREATE TABLE"
"planned_vehicle_trip_checkpoints","trip_id","CREATE TABLE"
"planned_vehicle_trips","created_at","CREATE TABLE"
"planned_vehicle_trips","destination_entity_id","ALTER TABLE"
"planned_vehicle_trips","destination_entity_type","ALTER TABLE"
"planned_vehicle_trips","destination_name","ALTER TABLE"
"planned_vehicle_trips","driver_label","CREATE TABLE"
"planned_vehicle_trips","end_route_point_id","ALTER TABLE"
"planned_vehicle_trips","id","CREATE TABLE"
"planned_vehicle_trips","planned_start_at","CREATE TABLE"
"planned_vehicle_trips","route_id","CREATE TABLE"
"planned_vehicle_trips","start_route_point_id","ALTER TABLE"
"planned_vehicle_trips","status","CREATE TABLE"
"planned_vehicle_trips","trip_purpose","ALTER TABLE"
"planned_vehicle_trips","updated_at","CREATE TABLE"
"planned_vehicle_trips","vehicle_label","CREATE TABLE"
"position_drone_stock","air_asset_position_id","CREATE TABLE"
"position_drone_stock","drone_model_id","CREATE TABLE"
"position_drone_stock","id","CREATE TABLE"
"position_drone_stock","quantity","CREATE TABLE"
"position_drone_warhead_stock","air_asset_position_id","CREATE TABLE"
"position_drone_warhead_stock","id","CREATE TABLE"
"position_drone_warhead_stock","quantity","CREATE TABLE"
"position_drone_warhead_stock","warhead_type_id","CREATE TABLE"
"primers","ammo_type","CREATE TABLE"
"primers","created_at","CREATE TABLE"
"primers","id","CREATE TABLE"
"primers","marking","CREATE TABLE"
"primers","updated_at","CREATE TABLE"
"recon_areas","archived_at","CREATE TABLE"
"recon_areas","created_at","CREATE TABLE"
"recon_areas","description","CREATE TABLE"
"recon_areas","geometry","CREATE TABLE"
"recon_areas","id","CREATE TABLE"
"recon_areas","name","CREATE TABLE"
"recon_areas","status","CREATE TABLE"
"recon_areas","updated_at","CREATE TABLE"
"recon_assessments","assessment_type","CREATE TABLE"
"recon_assessments","confirmed_by","CREATE TABLE"
"recon_assessments","created_at","CREATE TABLE"
"recon_assessments","id","CREATE TABLE"
"recon_assessments","notes","CREATE TABLE"
"recon_assessments","proposed_by","CREATE TABLE"
"recon_assessments","status","CREATE TABLE"
"recon_assessments","target_id","CREATE TABLE"
"recon_assessments","updated_at","CREATE TABLE"
"recon_correlations","accepted_at","ALTER TABLE"
"recon_correlations","created_at","CREATE TABLE"
"recon_correlations","distance_m","ALTER TABLE"
"recon_correlations","id","CREATE TABLE"
"recon_correlations","impact_id","ALTER TABLE"
"recon_correlations","payload","CREATE TABLE"
"recon_correlations","reason_json","CREATE TABLE"
"recon_correlations","rejected_at","ALTER TABLE"
"recon_correlations","score","ALTER TABLE"
"recon_correlations","status","CREATE TABLE"
"recon_correlations","target_id","ALTER TABLE"
"recon_correlations","time_delta_sec","ALTER TABLE"
"recon_correlations","updated_at","ALTER TABLE"
"recon_events","created_at","CREATE TABLE"
"recon_events","entity_id","CREATE TABLE"
"recon_events","entity_type","CREATE TABLE"
"recon_events","event_type","CREATE TABLE"
"recon_events","id","CREATE TABLE"
"recon_events","payload","CREATE TABLE"
"recon_impact_observations","archived_at","CREATE TABLE"
"recon_impact_observations","created_at","CREATE TABLE"
"recon_impact_observations","external_id","CREATE TABLE"
"recon_impact_observations","geometry","CREATE TABLE"
"recon_impact_observations","hidden_at","CREATE TABLE"
"recon_impact_observations","id","CREATE TABLE"
"recon_impact_observations","impact_datetime","CREATE TABLE"
"recon_impact_observations","input_provider","CREATE TABLE"
"recon_impact_observations","lat","CREATE TABLE"
"recon_impact_observations","lng","CREATE TABLE"
"recon_impact_observations","mgrs","CREATE TABLE"
"recon_impact_observations","notes","CREATE TABLE"
"recon_impact_observations","platform_id","CREATE TABLE"
"recon_impact_observations","raw_payload","CREATE TABLE"
"recon_impact_observations","source","CREATE TABLE"
"recon_impact_observations","status","CREATE TABLE"
"recon_impact_observations","target_type","CREATE TABLE"
"recon_import_batches","accepted_rows","CREATE TABLE"
"recon_import_batches","confirmed_at","CREATE TABLE"
"recon_import_batches","created_at","CREATE TABLE"
"recon_import_batches","duplicate_rows","CREATE TABLE"
"recon_import_batches","error_rows","CREATE TABLE"
"recon_import_batches","id","CREATE TABLE"
"recon_import_batches","raw_payload","CREATE TABLE"
"recon_import_batches","source","CREATE TABLE"
"recon_import_batches","status","CREATE TABLE"
"recon_import_batches","total_rows","CREATE TABLE"
"recon_import_errors","batch_id","CREATE TABLE"
"recon_import_errors","created_at","CREATE TABLE"
"recon_import_errors","error_code","CREATE TABLE"
"recon_import_errors","id","CREATE TABLE"
"recon_import_errors","message","CREATE TABLE"
"recon_import_errors","raw_payload","CREATE TABLE"
"recon_import_errors","row_number","CREATE TABLE"
"recon_intelligence_reports","created_at","CREATE TABLE"
"recon_intelligence_reports","id","CREATE TABLE"
"recon_intelligence_reports","input_provider","CREATE TABLE"
"recon_intelligence_reports","raw_payload","CREATE TABLE"
"recon_intelligence_reports","report_datetime","CREATE TABLE"
"recon_intelligence_reports","source","CREATE TABLE"
"recon_intelligence_reports","summary","CREATE TABLE"
"recon_intelligence_reports","title","CREATE TABLE"
"recon_observations","archived_at","CREATE TABLE"
"recon_observations","created_at","CREATE TABLE"
"recon_observations","external_id","CREATE TABLE"
"recon_observations","geometry","CREATE TABLE"
"recon_observations","hidden_at","CREATE TABLE"
"recon_observations","id","CREATE TABLE"
"recon_observations","input_provider","CREATE TABLE"
"recon_observations","lat","CREATE TABLE"
"recon_observations","lng","CREATE TABLE"
"recon_observations","mgrs","CREATE TABLE"
"recon_observations","notes","CREATE TABLE"
"recon_observations","observation_datetime","CREATE TABLE"
"recon_observations","platform_id","CREATE TABLE"
"recon_observations","raw_payload","CREATE TABLE"
"recon_observations","report_id","CREATE TABLE"
"recon_observations","source","CREATE TABLE"
"recon_observations","status","CREATE TABLE"
"recon_observations","target_type","CREATE TABLE"
"recon_processed_target_decisions","created_at","CREATE TABLE"
"recon_processed_target_decisions","decided_at","CREATE TABLE"
"recon_processed_target_decisions","decision","CREATE TABLE"
"recon_processed_target_decisions","id","CREATE TABLE"
"recon_processed_target_decisions","observation_id","CREATE TABLE"
"recon_processed_target_decisions","payload","CREATE TABLE"
"recon_processed_target_decisions","status","CREATE TABLE"
"recon_processed_target_decisions","target_id","CREATE TABLE"
"recon_puar_proposals","accepted_at","ALTER TABLE"
"recon_puar_proposals","accepted_service_order_id","ALTER TABLE"
"recon_puar_proposals","comments","ALTER TABLE"
"recon_puar_proposals","created_at","CREATE TABLE"
"recon_puar_proposals","id","CREATE TABLE"
"recon_puar_proposals","observation_id","CREATE TABLE"
"recon_puar_proposals","payload","CREATE TABLE"
"recon_puar_proposals","source_kind","ALTER TABLE"
"recon_puar_proposals","status","CREATE TABLE"
"recon_puar_proposals","target_id","CREATE TABLE"
"recon_puar_proposals","updated_at","CREATE TABLE"
"recon_settings","created_at","CREATE TABLE"
"recon_settings","id","CREATE TABLE"
"recon_settings","key","CREATE TABLE"
"recon_settings","updated_at","CREATE TABLE"
"recon_settings","value","CREATE TABLE"
"recon_target_observations","created_at","CREATE TABLE"
"recon_target_observations","id","CREATE TABLE"
"recon_target_observations","link_type","CREATE TABLE"
"recon_target_observations","observation_id","CREATE TABLE"
"recon_target_observations","target_id","CREATE TABLE"
"recon_targets","activity_index","CREATE TABLE"
"recon_targets","archived_at","CREATE TABLE"
"recon_targets","azimuth_deg","CREATE TABLE"
"recon_targets","center","CREATE TABLE"
"recon_targets","confidence_index","CREATE TABLE"
"recon_targets","confidence_label","CREATE TABLE"
"recon_targets","created_at","CREATE TABLE"
"recon_targets","freshness_index","CREATE TABLE"
"recon_targets","id","CREATE TABLE"
"recon_targets","lat","CREATE TABLE"
"recon_targets","lng","CREATE TABLE"
"recon_targets","mgrs","CREATE TABLE"
"recon_targets","platform_id","CREATE TABLE"
"recon_targets","possible_target_types","CREATE TABLE"
"recon_targets","semi_major_m","CREATE TABLE"
"recon_targets","semi_minor_m","CREATE TABLE"
"recon_targets","status","CREATE TABLE"
"recon_targets","target_type","CREATE TABLE"
"recon_targets","threat_index","CREATE TABLE"
"recon_targets","updated_at","CREATE TABLE"
"service_order_actual_ammo","charge_id","CREATE TABLE"
"service_order_actual_ammo","charge_modules_per_shot","CREATE TABLE"
"service_order_actual_ammo","charge_quantity","CREATE TABLE"
"service_order_actual_ammo","created_at","CREATE TABLE"
"service_order_actual_ammo","id","CREATE TABLE"
"service_order_actual_ammo","service_order_id","CREATE TABLE"
"service_order_actual_ammo","shell_id","CREATE TABLE"
"service_order_actual_ammo","shot_quantity","CREATE TABLE"
"service_orders","accepted_by_user_id","ALTER TABLE"
"service_orders","actual_charge_modules_per_shot","ALTER TABLE"
"service_orders","actual_charge_quantity","ALTER TABLE"
"service_orders","actual_quantity","ALTER TABLE"
"service_orders","assigned_scope","ALTER TABLE"
"service_orders","assigned_unit_id","ALTER TABLE"
"service_orders","completed_at","CREATE TABLE"
"service_orders","completed_by_user_id","ALTER TABLE"
"service_orders","created_at","CREATE TABLE"
"service_orders","created_by_user_id","ALTER TABLE"
"service_orders","executor_type","ALTER TABLE"
"service_orders","id","CREATE TABLE"
"service_orders","linked_air_task_id","ALTER TABLE"
"service_orders","order_number","CREATE TABLE"
"service_orders","planned_quantity","CREATE TABLE"
"service_orders","planned_resource_a_id","CREATE TABLE"
"service_orders","planned_resource_b_id","CREATE TABLE"
"service_orders","recon_link_checked_at","ALTER TABLE"
"service_orders","recon_snapshot","ALTER TABLE"
"service_orders","recon_snapshot_updated_at","ALTER TABLE"
"service_orders","rejected_at","ALTER TABLE"
"service_orders","rejected_by_unit_name","ALTER TABLE"
"service_orders","rejection_reason","CREATE TABLE"
"service_orders","result_comment","CREATE TABLE"
"service_orders","result_type","CREATE TABLE"
"service_orders","selected_air_asset_position_id","ALTER TABLE"
"service_orders","selected_charge_id","ALTER TABLE"
"service_orders","selected_drone_model_id","ALTER TABLE"
"service_orders","selected_fire_position_id","CREATE TABLE"
"service_orders","selected_shell_id","ALTER TABLE"
"service_orders","selected_warhead_type_id","ALTER TABLE"
"service_orders","selected_zone_id","ALTER TABLE"
"service_orders","sent_by_user_id","ALTER TABLE"
"service_orders","source_puar_proposal_id","ALTER TABLE"
"service_orders","source_recon_observation_id","ALTER TABLE"
"service_orders","source_recon_target_id","ALTER TABLE"
"service_orders","started_at","CREATE TABLE"
"service_orders","status","CREATE TABLE"
"service_orders","target_lat","CREATE TABLE"
"service_orders","target_lng","CREATE TABLE"
"service_orders","target_mgrs","CREATE TABLE"
"service_orders","target_settlement","CREATE TABLE"
"service_orders","task_type","CREATE TABLE"
"service_orders","updated_at","CREATE TABLE"
"shell_compatible_charges","charge_id","CREATE TABLE"
"shell_compatible_charges","compatibility_note","ALTER TABLE"
"shell_compatible_charges","created_at","CREATE TABLE"
"shell_compatible_charges","id","CREATE TABLE"
"shell_compatible_charges","max_range_m","CREATE TABLE"
"shell_compatible_charges","shell_id","CREATE TABLE"
"shell_compatible_charges","usable_modules","ALTER TABLE"
"shell_compatible_charges","zone_id","ALTER TABLE"
"shell_compatible_fuzes","created_at","CREATE TABLE"
"shell_compatible_fuzes","fuze_id","CREATE TABLE"
"shell_compatible_fuzes","id","CREATE TABLE"
"shell_compatible_fuzes","shell_id","CREATE TABLE"
"shells","created_at","CREATE TABLE"
"shells","damage_type","CREATE TABLE"
"shells","id","CREATE TABLE"
"shells","marking","CREATE TABLE"
"shells","system_type","CREATE TABLE"
"shells","updated_at","CREATE TABLE"
"stock_movements","comment","CREATE TABLE"
"stock_movements","from_depot_id","CREATE TABLE"
"stock_movements","id","CREATE TABLE"
"stock_movements","item_id","CREATE TABLE"
"stock_movements","item_type","CREATE TABLE"
"stock_movements","movement_datetime","CREATE TABLE"
"stock_movements","quantity","CREATE TABLE"
"stock_movements","to_depot_id","CREATE TABLE"
"units","created_at","CREATE TABLE"
"units","id","CREATE TABLE"
"units","name","CREATE TABLE"
"units","parent_id","CREATE TABLE"
"units","sort_order","CREATE TABLE"
"units","type","CREATE TABLE"
"units","updated_at","CREATE TABLE"
"users","created_at","CREATE TABLE"
"users","full_name","CREATE TABLE"
"users","id","CREATE TABLE"
"users","is_active","CREATE TABLE"
"users","login","CREATE TABLE"
"users","password_hash","CREATE TABLE"
"users","role","CREATE TABLE"
"users","scope","ALTER TABLE"
"users","unit_id","ALTER TABLE"
"users","updated_at","CREATE TABLE"
"weapon_models","created_at","CREATE TABLE"
"weapon_models","id","CREATE TABLE"
"weapon_models","name","CREATE TABLE"
"weapon_models","system_type","CREATE TABLE"
"weapon_models","zones_count","CREATE TABLE"
"weapon_systems","battery_id","CREATE TABLE"
"weapon_systems","callsign","CREATE TABLE"
"weapon_systems","created_at","CREATE TABLE"
"weapon_systems","division_id","CREATE TABLE"
"weapon_systems","fire_position_id","ALTER TABLE"
"weapon_systems","id","CREATE TABLE"
"weapon_systems","location_type","ALTER TABLE"
"weapon_systems","maintenance_actual_end_at","ALTER TABLE"
"weapon_systems","maintenance_approved_by_user_id","ALTER TABLE"
"weapon_systems","maintenance_note","ALTER TABLE"
"weapon_systems","maintenance_planned_end_at","ALTER TABLE"
"weapon_systems","maintenance_requested_by_user_id","ALTER TABLE"
"weapon_systems","maintenance_requested_start_at","ALTER TABLE"
"weapon_systems","maintenance_status","ALTER TABLE"
"weapon_systems","not_ready_reason","CREATE TABLE"
"weapon_systems","platoon_id","CREATE TABLE"
"weapon_systems","readiness_status","CREATE TABLE"
"weapon_systems","serial_number","CREATE TABLE"
"weapon_systems","squad_id","CREATE TABLE"
"weapon_systems","system_type","CREATE TABLE"
"weapon_systems","unit_id","CREATE TABLE"
"weapon_systems","updated_at","CREATE TABLE"
"weapon_systems","zones_count","CREATE TABLE"
"zones","created_at","CREATE TABLE"
"zones","distance_from_m","CREATE TABLE"
"zones","distance_to_m","CREATE TABLE"
"zones","id","CREATE TABLE"
"zones","weapon_model","CREATE TABLE"
"zones","zone_number","CREATE TABLE"
